time,latitude,longitude,depth,mag,magType,nst,gap,dmin,rms,net,id,updated,place,type,horizontalError,depthError,magError,magNst,status,locationSource,magSource
2012-12-16T16:46:07.000Z,36.128,-96.855,5,3.1,ml,19,104.8,,,us,usp000jx1m,2017-06-26T21:44:26.532Z,"12 km SSE of Glencoe, Oklahoma",earthquake,,,,,reviewed,tul,tul
2012-12-12T18:37:00.000Z,35.37,-96.496,5,3,ml,23,63.8,,,us,usp000jww4,2014-11-07T01:49:35.766Z,"4 km NW of Cromwell, Oklahoma",earthquake,,,,,reviewed,tul,tul
2012-12-12T03:30:15.000Z,35.532,-96.759,5,3.1,ml,16,104.5,,,us,usp000jwvd,2014-11-07T01:49:35.675Z,"8 km NW of Prague, Oklahoma",earthquake,,,,,reviewed,tul,tul
2012-12-08T09:05:12.000Z,35.386,-96.492,5,2.6,mblg,18,63.1,,,us,usp000jwp6,2017-07-14T19:31:13.118Z,"5 km NNW of Cromwell, Oklahoma",earthquake,,,,,reviewed,tul,tul
2012-12-03T23:45:23.000Z,35.454,-96.529,5,2.5,ml,16,91.4,,,us,usp000jwdq,2014-11-07T01:49:32.035Z,"6 km SW of Boley, Oklahoma",earthquake,,,,,reviewed,tul,tul
2012-12-03T16:26:57.000Z,35.499,-97.341,5,2.5,ml,7,118.9,,,us,usp000jwd9,2014-11-07T01:49:31.958Z,"1 km WNW of Nicoma Park, Oklahoma",earthquake,,,,,reviewed,tul,tul
2012-11-28T09:34:08.000Z,35.703,-97.435,5,2,mblg,8,139,,,us,usp000jw6j,2014-11-07T01:49:27.289Z,"6 km NE of Edmond, Oklahoma",earthquake,,,,,reviewed,tul,tul
2012-11-21T07:54:45.000Z,35.715,-97.457,5,2.5,ml,20,62.8,,,us,usp000jvwr,2022-08-08T21:24:30.352Z,"7 km NNE of Edmond, Oklahoma",earthquake,,,,,reviewed,tul,tul
2012-11-20T18:53:09.000Z,35.707,-97.463,5,2.7,ml,28,51.9,,,us,usp000jvw2,2022-08-08T21:22:34.101Z,"6 km NNE of Edmond, Oklahoma",earthquake,,,,,reviewed,tul,tul
2012-11-17T04:48:58.000Z,36.661,-97.381,5,3,ml,49,57.8,,,us,usp000jvq0,2017-06-26T21:45:05.495Z,"6 km WSW of Tonkawa, Oklahoma",earthquake,,,,,reviewed,tul,tul
2012-11-11T22:39:58.000Z,36.663,-97.387,5,2.8,ml,13,112.5,,,us,usp000jvdm,2014-11-07T01:49:20.918Z,"7 km WSW of Tonkawa, Oklahoma",earthquake,,,,,reviewed,tul,tul
2012-11-01T00:40:38.000Z,35.932,-96.878,5,2.5,ml,13,155.6,,,us,usp000juv5,2017-06-26T21:45:15.501Z,"4 km N of Agra, Oklahoma",earthquake,,,,,reviewed,tul,tul
2012-10-30T17:55:12.000Z,35.502,-97.27,5,2.7,ml,25,62.8,,,us,usp000juts,2017-06-26T21:45:25.339Z,"0 km NNW of Choctaw, Oklahoma",earthquake,,,,,reviewed,tul,tul
2012-10-29T15:45:25.000Z,35.497,-97.277,5,2.2,ml,10,119.3,,,us,usp000juqz,2017-06-26T21:45:34.927Z,"0 km W of Choctaw, Oklahoma",earthquake,,,,,reviewed,tul,tul
2012-10-28T04:00:34.000Z,35.422,-96.537,3.3,3.3,ml,37,53.5,,,us,usp000juj8,2022-08-08T21:19:38.392Z,"9 km SSW of Boley, Oklahoma",earthquake,,,,,reviewed,tul,tul
2012-10-21T10:44:15.000Z,35.653,-97.215,5,3.4,ml,43,37.6,,,us,usp000ju8s,2022-08-08T21:18:45.359Z,"2 km WSW of Luther, Oklahoma",earthquake,,,,,reviewed,tul,tul
2012-10-17T04:42:40.000Z,35.67,-97.111,5,3.2,mblg,32,58,,,us,usp000ju31,2022-08-08T21:17:48.004Z,"5 km WSW of Wellston, Oklahoma",earthquake,,,,,reviewed,tul,us
2012-10-10T12:41:46.000Z,35.554,-97.366,4.2,2.9,ml,11,173.5,,,us,usp000jttp,2022-08-08T21:15:51.692Z,"3 km NNE of Spencer, Oklahoma",earthquake,,,,,reviewed,tul,tul
2012-10-09T08:49:07.000Z,36.083,-97.386,8.9,3.3,ml,39,41.2,,,us,usp000jtsd,2022-08-08T21:14:54.951Z,"Oklahoma",earthquake,,,,,reviewed,tul,tul
2012-09-30T19:19:25.000Z,35.528,-96.782,3.4,2.7,ml,6,135.4,,,us,usp000jta7,2014-11-07T01:48:56.943Z,"9 km SSE of Sparks, Oklahoma",earthquake,,,,,reviewed,tul,tul
2012-09-30T19:17:17.000Z,35.523,-96.779,5,3,ml,23,87.5,,,us,usp000jta6,2017-06-26T21:46:36.967Z,"9 km WNW of Prague, Oklahoma",earthquake,,,,,reviewed,tul,tul
2012-09-09T01:58:52.000Z,35.375,-96.537,2.5,3.4,ml,88,35.2,,,us,usp000js12,2022-08-08T21:10:47.104Z,"8 km WNW of Cromwell, Oklahoma",earthquake,,,,,reviewed,tul,tul
2012-09-02T15:05:52.000Z,35.749,-97.519,5,2.4,ml,23,91.4,,,us,usp000jrh6,2022-08-08T21:11:47.363Z,"11 km NNW of Edmond, Oklahoma",earthquake,,,,,reviewed,tul,tul
2012-08-26T14:00:24.080Z,35.64,-97.282,5,2.6,mblg,18,69.6,,1.01,us,usp000jqru,2017-06-26T21:47:12.742Z,"5 km SE of Arcadia, Oklahoma",earthquake,,,,,reviewed,us,us
2012-08-24T18:52:29.000Z,35.422,-97.314,5,2.6,ml,17,98.9,,,us,usp000jqpa,2017-06-26T21:47:22.376Z,"7 km S of Nicoma Park, Oklahoma",earthquake,,,,,reviewed,tul,tul
2012-08-18T03:30:11.000Z,35.53,-96.777,3.2,3.3,ml,45,52,,,us,usp000jqek,2022-08-08T21:09:54.686Z,"9 km SSE of Sparks, Oklahoma",earthquake,,,,,reviewed,tul,tul
2012-08-10T22:55:50.000Z,35.544,-96.759,5,2.4,ml,9,166.5,,,us,usp000jq51,2014-11-07T01:48:32.912Z,"9 km SE of Sparks, Oklahoma",earthquake,,,,,reviewed,tul,tul
2012-08-07T10:47:50.000Z,35.395,-96.587,5,3,ml,29,48.5,,,us,usp000jq06,2017-06-26T21:47:42.716Z,"12 km S of Paden, Oklahoma",earthquake,,,,,reviewed,tul,tul
2012-08-06T05:24:06.000Z,35.373,-96.502,5,2.8,ml,43,48.8,,,us,usp000jpy7,2017-06-26T21:47:52.610Z,"5 km NW of Cromwell, Oklahoma",earthquake,,,,,reviewed,tul,tul
2012-08-03T06:59:13.000Z,35.66,-97.3,5,2.3,ml,15,109.8,,,us,usp000jpts,2017-06-26T21:48:02.358Z,"2 km ESE of Arcadia, Oklahoma",earthquake,,,,,reviewed,tul,tul
2012-08-01T23:35:10.000Z,35.5,-97.254,5,2.5,ml,11,132.7,,,us,usp000jprh,2017-06-26T21:48:12.086Z,"1 km ENE of Choctaw, Oklahoma",earthquake,,,,,reviewed,tul,tul
2012-07-31T16:03:40.000Z,35.558,-96.754,3,3.1,ml,36,36.7,,,us,usp000jppt,2017-06-26T21:48:22.059Z,"8 km SE of Sparks, Oklahoma",earthquake,,,,,reviewed,tul,tul
2012-07-30T22:16:48.000Z,35.532,-96.757,5,2.5,ml,13,148.7,,,us,usp000jpnp,2014-11-07T01:48:25.375Z,"8 km NW of Prague, Oklahoma",earthquake,,,,,reviewed,tul,tul
2012-07-30T19:35:06.000Z,35.497,-96.824,5,3.4,ml,43,79.3,,,us,usp000jpng,2022-08-08T21:08:51.784Z,"7 km E of Meeker, Oklahoma",earthquake,,,,,reviewed,tul,tul
2012-07-30T08:43:02.000Z,35.402,-96.576,5,2.9,ml,50,53.7,,,us,usp000jpmz,2017-06-26T21:48:42.466Z,"11 km S of Paden, Oklahoma",earthquake,,,,,reviewed,tul,tul
2012-07-08T09:11:43.000Z,35.393,-96.478,5,2.7,ml,27,45.2,,,us,usp000jnrn,2022-08-08T18:42:28.420Z,"6 km NNW of Cromwell, Oklahoma",earthquake,,,,,reviewed,tul,tul
2012-07-06T08:30:49.000Z,35.539,-96.791,5,2.6,ml,8,166.9,,,us,usp000jnp6,2014-11-07T01:48:16.702Z,"8 km SSE of Sparks, Oklahoma",earthquake,,,,,reviewed,tul,tul
2012-07-03T16:11:37.000Z,35.585,-97.331,5,3.2,ml,22,84.9,,,us,usp000jnje,2014-11-07T01:48:15.711Z,"4 km WNW of Jones, Oklahoma",earthquake,,,,,reviewed,tul,tul
2012-07-02T03:31:00.000Z,35.479,-97.345,4,2.7,ml,10,150.9,,,us,usp000jng2,2022-08-08T21:00:34.415Z,"2 km SW of Nicoma Park, Oklahoma",earthquake,,,,,reviewed,tul,tul
2012-06-14T20:24:28.000Z,35.407,-97.434,1.9,3.1,ml,31,49.7,,,us,usp000jms4,2022-08-08T20:52:18.654Z,"3 km S of Del City, Oklahoma",earthquake,,,,,reviewed,tul,tul
2012-06-13T22:44:32.000Z,35.46,-96.7,3,3.1,ml,20,81.9,,,us,usp000jmqr,2017-06-26T21:49:21.474Z,"3 km SSW of Prague, Oklahoma",earthquake,,,,,reviewed,tul,tul
2012-06-13T15:03:36.000Z,35.549,-97.238,4,2.5,ml,8,130.4,,,us,usp000jmqd,2014-11-07T01:48:04.632Z,"4 km ESE of Jones, Oklahoma",earthquake,,,,,reviewed,tul,tul
2012-06-13T06:36:10.230Z,35.535,-97.311,5,2.8,mblg,19,131.7,,0.52,us,usp000jmpw,2014-11-07T01:48:04.221Z,"4 km SSW of Jones, Oklahoma",earthquake,,,,,reviewed,us,us
2012-06-13T06:21:36.590Z,35.552,-97.264,5,3.3,mblg,48,42.9,,0.74,us,usp000jmpv,2022-08-08T20:53:41.017Z,"2 km SE of Jones, Oklahoma",earthquake,,,,,reviewed,us,us
2012-05-27T12:32:34.000Z,34.861,-95.608,5,2.5,ml,11,149.4,,,us,usp000jkzy,2014-11-07T01:47:53.927Z,"2 km WNW of Haileyville, Oklahoma",earthquake,,,,,reviewed,tul,tul
2012-05-13T19:10:14.000Z,35.539,-97.303,3.3,2.9,ml,17,97.5,,,us,usp000jkd6,2017-06-26T21:49:41.603Z,"3 km SSW of Jones, Oklahoma",earthquake,,,,,reviewed,tul,tul
2012-05-13T19:00:08.000Z,35.596,-97.31,5,2.2,ml,6,200.3,,,us,usp000jkd5,2014-11-07T01:47:47.335Z,"3 km NNW of Jones, Oklahoma",earthquake,,,,,reviewed,tul,tul
2012-05-11T07:52:08.000Z,34.983,-97.638,5,2.8,ml,34,46.3,,,us,usp000jka1,2017-06-26T21:49:51.252Z,"5 km S of Dibble, Oklahoma",earthquake,,,,,reviewed,tul,tul
2012-05-11T04:37:50.000Z,35.512,-96.788,5,3.2,ml,24,69.3,,,us,usp000jk9r,2017-06-26T21:50:01.090Z,"9 km WNW of Prague, Oklahoma",earthquake,,,,,reviewed,tul,tul
2012-05-10T21:14:31.000Z,35.51,-96.781,5,3.8,mwr,60,35.2,,,us,usp000jk98,2022-08-08T20:46:55.075Z,"9 km WNW of Prague, Oklahoma",earthquake,,,,,reviewed,tul,us
2012-05-07T23:11:12.000Z,35.077,-97.496,5,2.6,ml,12,166,,,us,usp000jk56,2014-11-07T01:47:45.770Z,"2 km NNW of Washington, Oklahoma",earthquake,,,,,reviewed,tul,tul
2012-05-07T23:05:28.000Z,34.984,-97.657,5,2.5,ml,8,162.8,,,us,usp000jk55,2014-11-07T01:47:45.768Z,"6 km SSW of Dibble, Oklahoma",earthquake,,,,,reviewed,tul,tul
2012-04-30T17:14:01.000Z,35.53,-96.76,5,3.2,ml,16,110.7,,,us,usp000jjts,2017-06-26T21:50:21.878Z,"8 km NW of Prague, Oklahoma",earthquake,,,,,reviewed,tul,tul
2012-04-28T02:14:25.000Z,35.534,-96.748,5,3.1,ml,24,87,,,us,usp000jjpz,2022-08-08T20:44:31.530Z,"7 km NW of Prague, Oklahoma",earthquake,,,,,reviewed,tul,tul
2012-04-26T06:37:47.000Z,35.547,-96.751,5,2.3,ml,9,162.7,,,us,usp000jjme,2014-11-07T01:47:37.377Z,"8 km NW of Prague, Oklahoma",earthquake,,,,,reviewed,tul,tul
2012-04-21T12:45:25.000Z,35.58,-97.07,5,3.2,ml,18,93,,,us,usp000jjby,2022-08-08T20:43:39.839Z,"12 km S of Wellston, Oklahoma",earthquake,,,,,reviewed,tul,tul
2012-04-16T14:30:58.000Z,34.818,-96.245,5,2.6,ml,5,166.7,,,us,usp000jj2q,2014-11-07T01:47:32.860Z,"4 km ESE of Gerty, Oklahoma",earthquake,,,,,reviewed,tul,tul
2012-04-16T08:12:00.000Z,35.53,-96.759,4.4,3.8,mwr,94,30.9,,,us,usp000jj26,2022-08-08T20:42:48.402Z,"8 km NW of Prague, Oklahoma",earthquake,,,,,reviewed,tul,us
2012-04-14T07:35:58.000Z,34.944,-96.001,5,3,ml,38,42.7,,,us,usp000jhxr,2022-08-08T20:41:55.561Z,"3 km W of Arpelar, Oklahoma",earthquake,,,,,reviewed,tul,tul
2012-04-12T12:10:04.000Z,35.523,-96.774,5,3.1,mblg,34,79.9,,,us,usp000jhs0,2022-08-08T20:41:04.451Z,"9 km WNW of Prague, Oklahoma",earthquake,,,,,reviewed,tul,tul
2012-04-09T03:58:13.000Z,35.687,-97.111,5,2.6,ml,9,107.3,,,us,usp000jhee,2017-06-26T21:51:23.051Z,"4 km W of Wellston, Oklahoma",earthquake,,,,,reviewed,tul,tul
2012-04-06T16:20:28.000Z,35.72,-97.159,5,3.1,ml,34,53,,,us,usp000jhb3,2022-08-08T20:40:12.825Z,"4 km SW of Fallis, Oklahoma",earthquake,,,,,reviewed,tul,tul
2012-04-03T21:19:59.000Z,34.589,-97.44,5,2.5,ml,7,127.1,,,us,usp000jh76,2014-11-07T01:47:25.804Z,"5 km SE of Foster, Oklahoma",earthquake,,,,,reviewed,tul,tul
2012-04-03T07:34:00.000Z,34.635,-95.875,5,4.1,mb,91,43.3,,,us,usp000jh6b,2022-08-08T20:39:20.777Z,"8 km SSW of Pittsburg, Oklahoma",earthquake,,,,4,reviewed,tul,us
2012-03-31T11:54:11.000Z,35.437,-96.574,5,3.3,mblg,30,83.3,,,us,usp000jh1n,2022-08-08T20:38:19.879Z,"7 km S of Paden, Oklahoma",earthquake,,,,,reviewed,tul,tul
2012-03-25T14:09:21.000Z,35.505,-97.246,5,2.5,ml,8,88.9,,,us,usp000jgs4,2017-06-26T21:52:12.688Z,"2 km ENE of Choctaw, Oklahoma",earthquake,,,,,reviewed,tul,tul
2012-03-10T10:11:42.000Z,35.446,-96.572,0.9,3.1,ml,25,71.7,,,us,usp000jg1d,2022-08-08T20:37:27.590Z,"6 km S of Paden, Oklahoma",earthquake,,,,,reviewed,tul,tul
2012-03-10T07:09:14.000Z,35.593,-97.297,3.8,2.4,ml,18,127.6,,,us,usp000jg14,2014-11-07T01:47:13.252Z,"3 km NNW of Jones, Oklahoma",earthquake,,,,,reviewed,tul,tul
2012-03-08T05:17:39.000Z,35.621,-97.069,0.3,2.9,ml,23,85.4,,,us,usp000jfxu,2017-06-26T21:52:32.412Z,"8 km S of Wellston, Oklahoma",earthquake,,,,,reviewed,tul,tul
2012-03-03T08:44:12.000Z,35.619,-97.063,5,2.6,ml,15,86.8,,,us,usp000jfqs,2014-11-07T01:47:10.073Z,"8 km S of Wellston, Oklahoma",earthquake,,,,,reviewed,tul,tul
2012-02-29T22:20:42.000Z,35.725,-97.168,4.9,3,mblg,17,69.7,,,us,usp000jfma,2022-08-08T20:34:53.445Z,"5 km WSW of Fallis, Oklahoma",earthquake,,,,,reviewed,tul,us
2012-02-27T01:19:09.000Z,35.433,-96.567,5,2.8,ml,17,62.2,,,us,usp000jffm,2014-11-07T01:47:05.029Z,"8 km S of Paden, Oklahoma",earthquake,,,,,reviewed,tul,tul
2012-02-26T09:15:43.000Z,35.633,-97.068,5,2.9,ml,16,107.7,,,us,usp000jfdt,2022-08-08T20:36:35.925Z,"6 km S of Wellston, Oklahoma",earthquake,,,,,reviewed,tul,tul
2012-02-22T00:30:34.000Z,35.547,-97.282,5.9,2.9,ml,16,82.6,,,us,usp000jf6w,2022-08-08T20:35:45.287Z,"2 km SSE of Jones, Oklahoma",earthquake,,,,,reviewed,tul,tul
2012-02-18T20:28:10.000Z,35.811,-96.91,3.8,2.9,ml,29,58,,,us,usp000jf38,2017-06-26T21:53:12.198Z,"8 km SE of Tryon, Oklahoma",earthquake,,,,,reviewed,tul,tul
2012-02-18T06:24:28.000Z,35.546,-97.272,4.7,2.6,ml,17,74.2,,,us,usp000jf2f,2017-06-26T21:53:21.401Z,"2 km SSE of Jones, Oklahoma",earthquake,,,,,reviewed,tul,tul
2012-02-08T19:04:32.000Z,35.578,-97.286,3.9,2.8,ml,23,60.7,,,us,usp000jeps,2022-08-08T20:33:58.936Z,"1 km N of Jones, Oklahoma",earthquake,,,,,reviewed,tul,tul
2012-02-08T09:43:30.000Z,35.538,-96.741,6.3,2.5,mblg,13,110.5,,,us,usp000jepc,2014-11-07T01:46:59.315Z,"7 km NW of Prague, Oklahoma",earthquake,,,,,reviewed,tul,tul
2012-02-07T16:29:29.000Z,35.395,-96.524,5,3.3,ml,27,54,,,us,usp000jen8,2022-08-08T20:33:05.249Z,"8 km NW of Cromwell, Oklahoma",earthquake,,,,,reviewed,tul,tul
2012-01-29T11:33:48.000Z,35.511,-96.788,5,2.7,ml,33,59.1,,,us,usp000je4p,2017-06-26T21:53:51.385Z,"9 km WNW of Prague, Oklahoma",earthquake,,,,,reviewed,tul,tul
2012-01-27T04:17:27.000Z,35.6,-96.895,4.4,2.5,ml,17,111.3,,,us,usp000je10,2014-11-07T01:46:50.821Z,"6 km W of Sparks, Oklahoma",earthquake,,,,,reviewed,tul,tul
2012-01-17T13:26:43.000Z,35.378,-96.546,3.6,3,ml,20,60.7,,,us,usp000jdm7,2014-11-07T01:46:47.795Z,"9 km WNW of Cromwell, Oklahoma",earthquake,,,,,reviewed,tul,tul
2012-01-16T21:40:41.000Z,35.533,-96.76,4.9,2.1,ml,14,71.6,,,us,usp000jdkj,2014-11-07T01:46:47.646Z,"8 km NW of Prague, Oklahoma",earthquake,,,,,reviewed,tul,tul
2012-01-10T01:43:59.000Z,35.647,-97.41,5,2.1,ml,11,204.5,,,us,usp000jd9v,2014-11-07T01:46:45.544Z,"6 km E of Edmond, Oklahoma",earthquake,,,,,reviewed,tul,tul
2012-01-09T02:50:07.000Z,35.544,-97.279,6.7,2.8,ml,26,77.6,,,us,usp000jd8g,2022-08-08T20:31:04.218Z,"2 km SSE of Jones, Oklahoma",earthquake,,,,,reviewed,tul,tul
2012-01-06T04:02:47.000Z,35.538,-96.766,5,2.9,ml,27,56.7,,,us,usp000jd3u,2022-08-08T20:26:27.172Z,"9 km SSE of Sparks, Oklahoma",earthquake,,,,,reviewed,tul,tul
2012-01-04T12:22:53.000Z,35.534,-97.415,4,2,ml,13,158.4,,,us,usp000jd14,2014-11-07T01:46:43.181Z,"2 km E of Lake Aluma, Oklahoma",earthquake,,,,,reviewed,tul,tul
2012-01-03T10:56:58.000Z,35.536,-96.75,3.6,3.4,ml,49,36.3,,,us,usp000jczp,2022-08-08T20:28:15.055Z,"8 km NW of Prague, Oklahoma",earthquake,,,,,reviewed,tul,tul
2012-01-03T00:21:13.000Z,35.595,-97.293,5,2.4,ml,13,154.9,,,us,usp000jcza,2014-11-07T01:46:42.609Z,"3 km N of Jones, Oklahoma",earthquake,,,,,reviewed,tul,tul
2012-01-01T14:15:21.000Z,35.526,-96.766,3.8,2.8,ml,17,68.7,,,us,usp000jcxd,2017-06-26T21:54:32.077Z,"8 km WNW of Prague, Oklahoma",earthquake,,,,,reviewed,tul,tul
2012-01-01T13:23:24.000Z,35.53,-96.762,5,2.8,ml,24,70.7,,,us,usp000jcxc,2017-06-26T21:54:41.969Z,"8 km NW of Prague, Oklahoma",earthquake,,,,,reviewed,tul,tul
2011-12-31T08:07:17.000Z,35.391,-96.52,5,3.6,ml,59,33.8,,,us,usp000jcvt,2022-08-08T20:27:21.469Z,"8 km NW of Cromwell, Oklahoma",earthquake,,,,,reviewed,tul,tul
2011-12-31T03:54:12.000Z,35.575,-97.288,3.7,2.2,ml,18,93.4,,,us,usp000jcvh,2017-06-26T21:26:46.351Z,"1 km N of Jones, Oklahoma",earthquake,,,,,reviewed,tul,tul
2011-12-25T14:10:41.000Z,35.398,-96.53,5,3.6,ml,46,44,,,us,usp000jcmu,2022-08-08T20:25:29.340Z,"9 km NW of Cromwell, Oklahoma",earthquake,,,,,reviewed,tul,tul
2011-12-13T18:57:57.000Z,35.492,-97.265,1.1,2.5,ml,30,42,,,us,usp000jc5f,2017-06-26T21:27:09.943Z,"0 km SSE of Choctaw, Oklahoma",earthquake,,,,,reviewed,tul,tul
2011-12-12T16:19:44.000Z,35.534,-96.751,4.2,2.5,ml,12,70.8,,,us,usp000jc4c,2014-11-07T01:46:33.405Z,"7 km NW of Prague, Oklahoma",earthquake,,,,,reviewed,tul,tul
2011-12-09T16:46:50.000Z,35.475,-96.855,5,3,ml,14,60.4,,,us,usp000jc05,2017-06-26T21:27:19.879Z,"5 km SE of Meeker, Oklahoma",earthquake,,,,,reviewed,tul,tul
2011-12-04T06:14:07.000Z,35.728,-97.171,5,2.3,ml,11,110,,,us,usp000jbt7,2017-06-26T21:27:30.492Z,"5 km WSW of Fallis, Oklahoma",earthquake,,,,,reviewed,tul,tul
2011-12-03T05:05:08.000Z,35.519,-96.785,5,2.3,ml,9,135.4,,,us,usp000jbrv,2017-06-26T21:27:40.683Z,"9 km WNW of Prague, Oklahoma",earthquake,,,,,reviewed,tul,tul
2011-12-03T04:42:12.000Z,35.525,-96.768,9.3,3.3,ml,16,87.5,,,us,usp000jbru,2020-03-19T20:46:59.606Z,"8 km WNW of Prague, Oklahoma",earthquake,,,,,reviewed,tul,tul
2011-12-01T05:29:34.000Z,35.481,-97.034,5,2.7,ml,20,112.9,,,us,usp000jbp1,2017-06-26T21:28:02.170Z,"7 km NE of McLoud, Oklahoma",earthquake,,,,,reviewed,tul,tul
2011-11-29T15:03:14.000Z,34.923,-96,0,2.7,ml,15,117.5,,,us,usp000jbkt,2014-11-07T01:46:25.829Z,"3 km SW of Arpelar, Oklahoma",earthquake,,,,,reviewed,tul,tul
2011-11-29T09:22:33.000Z,35.536,-96.759,3.8,2.7,ml,19,73.2,,,us,usp000jbkb,2022-08-08T20:13:44.310Z,"8 km NW of Prague, Oklahoma",earthquake,,,,,reviewed,tul,tul
2011-11-27T11:52:26.000Z,35.728,-97.166,5,3.1,ml,54,35.8,,,us,usp000jbfu,2022-08-08T20:20:18.370Z,"4 km WSW of Fallis, Oklahoma",earthquake,,,,,reviewed,tul,tul
2011-11-26T12:55:27.220Z,35.513,-96.766,5,2.4,mblg,13,61.6,,0.56,us,usp000jbe4,2017-06-26T21:28:34.915Z,"7 km WNW of Prague, Oklahoma",earthquake,,,,,reviewed,us,us
2011-11-25T21:24:29.000Z,35.512,-96.746,3.8,3.4,ml,26,58.5,,,us,usp000jbd8,2022-08-08T20:19:16.476Z,"6 km WNW of Prague, Oklahoma",earthquake,,,,,reviewed,tul,tul
2011-11-25T20:09:47.000Z,35.461,-96.881,0.1,3.4,ml,46,35.6,,,us,usp000jbd6,2022-08-08T20:18:22.511Z,"5 km SSE of Meeker, Oklahoma",earthquake,,,,,reviewed,tul,tul
2011-11-25T20:08:55.000Z,35.461,-96.887,5,2.5,ml,21,103,,,us,usp000jbd5,2014-11-07T01:46:24.805Z,"4 km SSE of Meeker, Oklahoma",earthquake,,,,,reviewed,tul,tul
2011-11-24T21:11:04.000Z,35.563,-96.788,6.2,3.4,mwr,45,24.9,,,us,usp000jbbx,2022-08-08T20:17:27.828Z,"5 km SSE of Sparks, Oklahoma",earthquake,,,,,reviewed,tul,us
2011-11-21T21:46:09.000Z,35.503,-96.81,5,3,ml,20,59.7,,,us,usp000jb7w,2022-08-08T20:16:28.470Z,"8 km E of Meeker, Oklahoma",earthquake,,,,,reviewed,tul,tul
2011-11-21T07:36:23.000Z,35.734,-97.164,3,2.8,ml,18,80.2,,,us,usp000jb6w,2022-08-08T20:15:34.198Z,"4 km WSW of Fallis, Oklahoma",earthquake,,,,,reviewed,tul,tul
2011-11-20T09:43:07.000Z,35.624,-97.19,1.9,2.6,ml,28,68.3,,,us,usp000jb5g,2014-11-07T01:46:23.241Z,"4 km S of Luther, Oklahoma",earthquake,,,,,reviewed,tul,tul
2011-11-20T05:54:02.000Z,35.551,-96.745,3.9,2.8,ml,18,77.3,,,us,usp000jb53,2022-08-08T20:06:11.609Z,"8 km NW of Prague, Oklahoma",earthquake,,,,,reviewed,tul,tul
2011-11-18T07:41:08.000Z,35.541,-96.762,7.4,3.3,ml,22,62.7,,,us,usp000jb1g,2022-08-08T20:14:38.774Z,"9 km SE of Sparks, Oklahoma",earthquake,,,,,reviewed,tul,tul
2011-11-18T06:12:37.000Z,35.566,-97.294,4.4,2.8,ml,26,39,,,us,usp000jb16,2022-08-08T20:12:50.561Z,"0 km W of Jones, Oklahoma",earthquake,,,,,reviewed,tul,tul
2011-11-16T17:10:52.000Z,35.505,-96.803,5,3.2,ml,19,59.7,,,us,usp000jaye,2017-06-26T21:30:13.364Z,"9 km E of Meeker, Oklahoma",earthquake,,,,,reviewed,tul,tul
2011-11-16T15:27:16.000Z,35.518,-96.779,5,2.7,ml,10,65.3,,,us,usp000jay8,2014-11-07T01:46:21.729Z,"9 km WNW of Prague, Oklahoma",earthquake,,,,,reviewed,tul,tul
2011-11-16T05:17:11.000Z,35.521,-96.785,5,2.8,ml,17,61.1,,,us,usp000jaxq,2022-08-08T20:11:57.192Z,"9 km WNW of Prague, Oklahoma",earthquake,,,,,reviewed,tul,tul
2011-11-15T00:57:12.000Z,35.521,-96.775,5,2.2,ml,10,89.1,,,us,usp000jaw4,2014-11-07T01:46:21.236Z,"9 km WNW of Prague, Oklahoma",earthquake,,,,,reviewed,tul,tul
2011-11-14T23:48:37.000Z,35.476,-96.868,5,2.4,ml,17,63.5,,,us,usp000jaw2,2022-08-08T20:10:59.523Z,"4 km SE of Meeker, Oklahoma",earthquake,,,,,reviewed,tul,tul
2011-11-14T20:26:39.000Z,35.543,-96.752,3.3,2.5,md,12,75.2,,,us,usp000javy,2014-11-07T01:46:21.213Z,"8 km NW of Prague, Oklahoma",earthquake,,,,,reviewed,tul,tul
2011-11-14T18:20:57.000Z,35.794,-98.451,1.2,2.6,ml,12,175.1,,,us,usp000javv,2014-11-07T01:46:21.207Z,"6 km SSW of Watonga, Oklahoma",earthquake,,,,,reviewed,tul,tul
2011-11-14T05:31:42.000Z,35.521,-96.782,3.1,3.2,ml,42,33.9,,,us,usp000jav4,2022-08-08T20:10:06.919Z,"9 km WNW of Prague, Oklahoma",earthquake,,,,,reviewed,tul,tul
2011-11-13T10:33:57.000Z,35.465,-96.878,4.6,2.9,ml,18,115.4,,,us,usp000jau1,2014-11-07T01:46:20.894Z,"4 km SSE of Meeker, Oklahoma",earthquake,,,,,reviewed,tul,tul
2011-11-13T09:49:12.000Z,35.457,-96.876,4.8,3.2,ml,36,59.1,,,us,usp000jatz,2022-08-08T20:09:11.634Z,"5 km SSE of Meeker, Oklahoma",earthquake,,,,,reviewed,tul,tul
2011-11-13T09:01:25.000Z,35.464,-96.869,3.3,2.5,ml,14,109.3,,,us,usp000jatr,2017-06-26T21:31:10.329Z,"5 km SE of Meeker, Oklahoma",earthquake,,,,,reviewed,tul,tul
2011-11-12T01:41:03.000Z,35.532,-96.753,6.2,3.2,ml,10,79.9,,,us,usp000jaqe,2014-11-07T01:46:20.196Z,"7 km NW of Prague, Oklahoma",earthquake,,,,,reviewed,tul,tul
2011-11-12T01:18:43.000Z,35.545,-96.73,3.9,3.1,ml,28,55.5,,,us,usp000jaqc,2022-08-08T20:07:08.293Z,"7 km NNW of Prague, Oklahoma",earthquake,,,,,reviewed,tul,tul
2011-11-11T19:19:16.000Z,35.537,-96.753,3.6,3.2,ml,28,57,,,us,usp000jaq6,2014-11-07T01:46:20.170Z,"8 km NW of Prague, Oklahoma",earthquake,,,,,reviewed,tul,tul
2011-11-10T08:36:38.000Z,35.487,-96.85,3.3,3.2,md,47,41.3,,,us,usp000jans,2022-08-08T20:05:16.666Z,"5 km ESE of Meeker, Oklahoma",earthquake,,,,,reviewed,tul,tul
2011-11-09T16:22:53.000Z,35.521,-96.786,3.1,2.9,md,9,105,,,us,usp000jamu,2014-11-07T01:46:19.622Z,"9 km WNW of Prague, Oklahoma",earthquake,,,,,reviewed,tul,tul
2011-11-09T15:21:02.000Z,35.513,-97.39,3.1,3,md,16,55,,,us,usp000jamq,2014-11-07T01:46:19.613Z,"1 km SW of Spencer, Oklahoma",earthquake,,,,,reviewed,tul,tul
2011-11-09T12:08:36.000Z,35.534,-96.761,5,3.4,ml,22,73.3,,,us,usp000jamh,2022-08-08T20:04:21.407Z,"8 km NW of Prague, Oklahoma",earthquake,,,,,reviewed,tul,tul
2011-11-08T19:05:18.000Z,35.526,-96.77,3,3.5,mwr,92,23.5,,,us,usp000jakf,2022-08-08T20:01:28.797Z,"8 km WNW of Prague, Oklahoma",earthquake,,,,,reviewed,tul,us
2011-11-08T03:05:07.000Z,35.52,-96.786,5,3.1,ml,6,88.3,,,us,usp000jaje,2014-11-07T01:46:19.225Z,"9 km WNW of Prague, Oklahoma",earthquake,,,,,reviewed,tul,tul
2011-11-08T02:46:57.000Z,35.531,-96.788,5,4.8,mwr,342,19.2,,,us,usp000jajb,2022-08-08T19:59:27.804Z,"9 km SSE of Sparks, Oklahoma",earthquake,,,,,reviewed,tul,us
2011-11-07T17:09:52.000Z,35.506,-96.798,5,3.2,ml,8,98.6,,,us,usp000jahg,2014-11-07T01:46:18.968Z,"9 km E of Meeker, Oklahoma",earthquake,,,,,reviewed,tul,tul
2011-11-07T13:50:20.000Z,35.477,-96.856,3.1,3.1,md,15,74.5,,,us,usp000jah7,2022-08-08T20:03:25.256Z,"5 km SE of Meeker, Oklahoma",earthquake,,,,,reviewed,tul,tul
2011-11-07T08:12:35.000Z,35.512,-96.786,3.1,3.1,md,20,60.6,,,us,usp000jags,2014-11-07T01:46:18.829Z,"9 km WNW of Prague, Oklahoma",earthquake,,,,,reviewed,tul,tul
2011-11-07T02:46:39.000Z,35.518,-96.8,5,2.5,ml,15,98.5,,,us,usp000jagc,2014-11-07T01:46:18.777Z,"9 km E of Meeker, Oklahoma",earthquake,,,,,reviewed,tul,tul
2011-11-07T02:38:20.000Z,35.533,-96.75,5,3.1,ml,8,110.6,,,us,usp000jagb,2014-11-07T01:46:18.775Z,"7 km NW of Prague, Oklahoma",earthquake,,,,,reviewed,tul,tul
2011-11-07T01:26:31.000Z,35.518,-96.786,3.1,3.3,mblg,31,36.2,,,us,usp000jag5,2022-08-08T20:02:26.336Z,"9 km WNW of Prague, Oklahoma",earthquake,,,,,reviewed,tul,us
2011-11-07T01:17:13.000Z,35.522,-96.778,4,3,md,34,36.2,,,us,usp000jag3,2022-08-08T19:58:01.695Z,"9 km WNW of Prague, Oklahoma",earthquake,,,,,reviewed,tul,tul
2011-11-07T00:03:50.000Z,35.504,-96.808,3.2,2.9,md,17,80,,,us,usp000jafx,2022-08-08T20:00:32.289Z,"8 km E of Meeker, Oklahoma",earthquake,,,,,reviewed,tul,tul
2011-11-06T22:19:34.840Z,35.55,-96.751,5,2.9,mblg,6,117.2,,0.85,us,usp000jafv,2014-11-07T01:46:18.701Z,"9 km SE of Sparks, Oklahoma",earthquake,,,,,reviewed,us,us
2011-11-06T18:26:57.000Z,35.473,-96.869,3.1,3.1,md,23,62,,,us,usp000jafk,2022-08-08T19:56:07.185Z,"4 km SE of Meeker, Oklahoma",earthquake,,,,,reviewed,tul,tul
2011-11-06T17:52:35.000Z,35.494,-96.828,3.1,3.4,mwr,44,34.1,,,us,usp000jafh,2022-08-08T19:57:06.464Z,"6 km E of Meeker, Oklahoma",earthquake,,,,,reviewed,tul,us
2011-11-06T16:26:57.000Z,35.517,-96.769,3.1,2.9,md,5,178.1,,,us,usp000jafg,2014-11-07T01:46:18.638Z,"8 km WNW of Prague, Oklahoma",earthquake,,,,,reviewed,tul,tul
2011-11-06T15:07:07.000Z,35.484,-96.856,5,3.8,mwr,60,34.1,,,us,usp000jafa,2022-08-08T19:48:20.402Z,"4 km ESE of Meeker, Oklahoma",earthquake,,,,,reviewed,tul,us
2011-11-06T11:20:22.000Z,35.485,-96.866,5,2.9,ml,23,70.8,,,us,usp000jaf0,2022-08-08T19:53:14.811Z,"3 km ESE of Meeker, Oklahoma",earthquake,,,,,reviewed,tul,tul
2011-11-06T11:16:20.770Z,35.522,-96.819,5,2.8,mblg,24,62.1,,1.06,us,usp000jaez,2022-08-08T19:55:05.841Z,"7 km ENE of Meeker, Oklahoma",earthquake,,,,,reviewed,us,us
2011-11-06T11:03:52.000Z,35.496,-96.838,5,3.1,ml,53,41.8,,,us,usp000jaey,2022-08-08T19:54:10.752Z,"5 km E of Meeker, Oklahoma",earthquake,,,,,reviewed,tul,tul
2011-11-06T10:52:35.000Z,35.537,-96.779,3.1,3.6,mwr,62,33.9,,,us,usp000jaex,2022-08-08T19:52:18.495Z,"8 km SSE of Sparks, Oklahoma",earthquake,,,,,reviewed,tul,us
2011-11-06T09:39:57.000Z,35.469,-96.865,5,3.7,mwr,71,33.2,,,us,usp000jaep,2022-08-08T19:51:21.355Z,"5 km SE of Meeker, Oklahoma",earthquake,,,,,reviewed,tul,us
2011-11-06T09:22:04.000Z,35.485,-96.844,5,3.5,ml,38,34.5,,,us,usp000jaek,2017-06-26T21:35:18.716Z,"5 km ESE of Meeker, Oklahoma",earthquake,,,,,reviewed,tul,tul
2011-11-06T08:14:13.000Z,35.525,-96.771,5.6,3.1,ml,8,107.7,,,us,usp000jae8,2017-06-26T21:35:29.355Z,"8 km WNW of Prague, Oklahoma",earthquake,,,,,reviewed,tul,tul
2011-11-06T08:04:56.270Z,35.585,-96.836,5,3,mblg,9,78.1,,0.92,us,usp000jae4,2014-11-07T01:46:18.408Z,"2 km SSW of Sparks, Oklahoma",earthquake,,,,,reviewed,us,us
2011-11-06T07:38:31.710Z,35.517,-96.834,5,3.6,mblg,14,79.6,,0.73,us,usp000jae3,2014-11-07T01:46:18.405Z,"6 km ENE of Meeker, Oklahoma",earthquake,,,,,reviewed,us,us
2011-11-06T07:32:41.000Z,35.48,-96.847,5,3.2,ml,22,55.7,,,us,usp000jae1,2022-08-08T19:50:25.610Z,"5 km ESE of Meeker, Oklahoma",earthquake,,,,,reviewed,tul,tul
2011-11-06T06:31:11.000Z,35.479,-96.859,5,3.7,mwr,55,34.1,,,us,usp000jadz,2022-08-08T19:49:25.193Z,"4 km SE of Meeker, Oklahoma",earthquake,,,,,reviewed,tul,slm
2011-11-06T04:53:59.000Z,35.546,-96.749,5,3.3,ml,27,68.9,,,us,usp000jadx,2014-11-07T01:46:18.347Z,"8 km NW of Prague, Oklahoma",earthquake,,,,,reviewed,tul,tul
2011-11-06T04:31:50.000Z,35.522,-96.776,5,3.9,ml,46,34.1,,,us,usp000jadu,2014-11-07T01:46:18.316Z,"9 km WNW of Prague, Oklahoma",earthquake,,,,,reviewed,tul,tul
2011-11-06T04:08:13.000Z,35.515,-96.789,5,3,ml,7,80.1,,,us,usp000jadr,2014-11-07T01:46:18.308Z,"9 km WNW of Prague, Oklahoma",earthquake,,,,,reviewed,tul,tul
2011-11-06T04:03:42.000Z,35.521,-96.771,5,4,ml,17,69.2,,,us,usp000jadq,2017-03-22T15:43:57.487Z,"8 km WNW of Prague, Oklahoma",earthquake,,,,,reviewed,tul,tul
2011-11-06T03:53:10.000Z,35.532,-96.765,5.2,5.7,mww,474,17.1,,,us,usp000jadn,2022-08-07T11:15:35.953Z,"8 km NW of Prague, Oklahoma",earthquake,,,,,reviewed,tul,us
2011-11-06T01:03:58.000Z,35.546,-96.749,5,3,ml,8,107.6,,,us,usp000jadg,2014-11-07T01:46:18.170Z,"8 km NW of Prague, Oklahoma",earthquake,,,,,reviewed,tul,tul
2011-11-05T14:36:30.380Z,35.518,-96.778,5,3.6,ml,49,58.5,,,us,usp000jack,2022-08-08T19:47:07.305Z,"9 km WNW of Prague, Oklahoma",earthquake,,,,,reviewed,tul,tul
2011-11-05T13:42:26.000Z,35.53,-96.766,5,3.2,ml,30,62.2,,,us,usp000jach,2022-08-08T19:46:09.626Z,"8 km WNW of Prague, Oklahoma",earthquake,,,,,reviewed,tul,tul
2011-11-05T11:24:15.000Z,35.525,-96.773,5,3.4,ml,23,56.7,,,us,usp000jace,2022-08-08T19:45:11.651Z,"9 km WNW of Prague, Oklahoma",earthquake,,,,,reviewed,tul,tul
2011-11-05T09:12:11.000Z,35.528,-96.766,5,3.3,ml,25,69.1,,,us,usp000jacc,2022-08-08T19:49:51.264Z,"8 km WNW of Prague, Oklahoma",earthquake,,,,,reviewed,tul,tul
2011-11-05T07:55:35.000Z,35.533,-96.757,5,2.6,ml,8,124.6,,,us,usp000jac8,2014-11-07T01:46:17.954Z,"8 km NW of Prague, Oklahoma",earthquake,,,,,reviewed,tul,tul
2011-11-05T07:50:42.000Z,35.554,-96.769,5,2.6,ml,11,117.7,,,us,usp000jac7,2017-06-26T21:38:13.016Z,"7 km SE of Sparks, Oklahoma",earthquake,,,,,reviewed,tul,tul
2011-11-05T07:44:34.000Z,35.54,-96.761,5,2.6,ml,11,110.4,,,us,usp000jac5,2017-06-26T21:38:23.186Z,"9 km NW of Prague, Oklahoma",earthquake,,,,,reviewed,tul,tul
2011-11-05T07:27:19.000Z,35.544,-96.765,3.2,3.3,ml,23,56.9,,,us,usp000jac3,2022-08-08T19:48:14.444Z,"8 km SE of Sparks, Oklahoma",earthquake,,,,,reviewed,tul,tul
2011-11-05T07:12:45.000Z,35.55,-96.764,3.1,4.8,mwr,322,17.2,,,us,usp000jac0,2022-08-08T19:41:52.429Z,"8 km SE of Sparks, Oklahoma",earthquake,,,,,reviewed,tul,us
2011-10-28T09:18:46.000Z,35.525,-97.386,5,3.4,mblg,41,60.8,,,us,usp000ja0v,2022-08-08T19:40:37.133Z,"0 km WNW of Spencer, Oklahoma",earthquake,,,,,reviewed,tul,tul
2011-10-28T06:24:57.000Z,35.518,-97.38,3.2,3.2,mblg,44,33,,,us,usp000ja0k,2022-08-08T19:39:34.458Z,"0 km SSW of Spencer, Oklahoma",earthquake,,,,,reviewed,tul,us
2011-10-27T16:42:09.000Z,35.574,-97.286,1.9,2.4,md,12,105.9,,,us,usp000j9zu,2014-11-07T01:46:11.702Z,"0 km N of Jones, Oklahoma",earthquake,,,,,reviewed,tul,tul
2011-10-23T07:58:35.000Z,35.511,-97.391,3.1,2.8,md,10,101.3,,,us,usp000j9rg,2017-06-26T21:39:39.065Z,"1 km SW of Spencer, Oklahoma",earthquake,,,,,reviewed,tul,tul
2011-10-23T05:44:02.000Z,35.508,-97.387,3.2,2.6,md,12,171.2,,,us,usp000j9re,2022-08-08T19:34:03.288Z,"1 km SSW of Spencer, Oklahoma",earthquake,,,,,reviewed,tul,tul
2011-10-18T05:51:27.410Z,35.48,-97.359,5,2.9,mblg,22,65.5,,1.17,us,usp000j9gf,2022-08-08T19:37:17.342Z,"3 km WSW of Nicoma Park, Oklahoma",earthquake,,,,,reviewed,us,us
2011-10-13T21:50:53.390Z,35.899,-96.696,5,2.5,mblg,7,203.1,,0.62,us,usp000j9af,2014-11-07T01:46:06.529Z,"10 km W of Shamrock, Oklahoma",earthquake,,,,,reviewed,us,us
2011-10-05T10:40:27.000Z,35.504,-97.232,3.8,3,ml,13,168.9,,,us,usp000j8y8,2014-11-07T01:46:03.951Z,"3 km ENE of Choctaw, Oklahoma",earthquake,,,,,reviewed,tul,tul
2011-10-02T09:21:22.000Z,35.56,-97.283,3.5,2.5,md,10,107.1,,,us,usp000j8uf,2014-11-07T01:46:02.023Z,"0 km SSE of Jones, Oklahoma",earthquake,,,,,reviewed,tul,tul
2011-09-18T15:44:30.000Z,35.5,-97.245,4.3,2.6,md,6,191.1,,,us,usp000j88k,2014-11-07T01:45:55.184Z,"2 km E of Choctaw, Oklahoma",earthquake,,,,,reviewed,tul,tul
2011-09-12T15:35:28.000Z,35.629,-97.244,3.4,3.3,ml,27,49.4,,,us,usp000j7ys,2022-08-08T19:35:01.462Z,"5 km SW of Luther, Oklahoma",earthquake,,,,,reviewed,tul,tul
2011-09-11T06:13:27.000Z,35.642,-97.217,3.2,2.4,ml,12,74.1,,,us,usp000j7wy,2014-11-07T01:45:52.701Z,"2 km SW of Luther, Oklahoma",earthquake,,,,,reviewed,tul,tul
2011-09-06T08:59:30.000Z,34.575,-97.244,0,2.6,ml,7,94.5,,,us,usp000j7pp,2014-11-07T01:45:50.793Z,"9 km E of Katie, Oklahoma",earthquake,,,,,reviewed,tul,tul
2011-09-06T00:19:06.000Z,35.466,-97.045,5,3,ml,17,68.2,,,us,usp000j7p3,2017-06-26T21:40:32.368Z,"5 km NE of McLoud, Oklahoma",earthquake,,,,,reviewed,tul,tul
2011-09-05T13:51:30.000Z,35.524,-97.375,3.3,2.7,md,10,96.5,,,us,usp000j7nd,2017-06-26T21:40:42.796Z,"0 km ENE of Spencer, Oklahoma",earthquake,,,,,reviewed,tul,tul
2011-09-05T01:40:29.000Z,35.665,-97.222,3.1,2.7,ml,14,94,,,us,usp000j7mf,2017-06-26T21:40:53.549Z,"2 km W of Luther, Oklahoma",earthquake,,,,,reviewed,tul,tul
2011-09-01T12:53:58.000Z,34.667,-96.394,1.3,2.5,mblg,12,123.3,,,us,usp000j7c4,2014-11-07T01:45:47.687Z,"7 km NNE of Tupelo, Oklahoma",earthquake,,,,,reviewed,tul,us
2011-09-01T05:04:52.000Z,35.657,-97.298,3.2,2.5,md,8,104.5,,,us,usp000j7bu,2014-11-07T01:45:47.204Z,"2 km ESE of Arcadia, Oklahoma",earthquake,,,,,reviewed,tul,tul
2011-09-01T00:43:45.000Z,35.624,-97.233,3.2,2.6,md,6,120.2,,,us,usp000j7bj,2014-11-07T01:45:46.305Z,"5 km SW of Luther, Oklahoma",earthquake,,,,,reviewed,tul,tul
2011-08-31T19:58:25.000Z,35.498,-97.25,3.1,3,ml,22,66.2,,,us,usp000j7b9,2022-08-08T19:28:39.021Z,"1 km E of Choctaw, Oklahoma",earthquake,,,,,reviewed,tul,tul
2011-08-23T22:40:40.000Z,35.521,-97.364,7,2.9,ml,20,64.9,,,us,usp000j6xn,2022-08-08T19:27:42.559Z,"1 km E of Spencer, Oklahoma",earthquake,,,,,reviewed,tul,tul
2011-08-22T22:38:38.000Z,35.526,-97.366,5,2.5,ml,13,107.4,,,us,usp000j6w2,2017-06-26T21:41:24.831Z,"1 km ENE of Spencer, Oklahoma",earthquake,,,,,reviewed,tul,tul
2011-08-18T16:50:52.000Z,34.881,-97.744,5,3,ml,24,80.8,,,us,usp000j6n5,2017-06-26T21:41:35.257Z,"3 km W of Bradley, Oklahoma",earthquake,,,,,reviewed,tul,tul
2011-08-17T00:26:53.000Z,35.467,-97.366,14.8,2.7,md,6,132.9,,,us,usp000j6jy,2014-11-07T01:45:37.561Z,"3 km NE of Midwest City, Oklahoma",earthquake,,,,,reviewed,tul,tul
2011-08-16T18:29:53.000Z,35.512,-97.194,4.9,2.1,md,7,132.8,,,us,usp000j6jc,2014-11-07T01:45:37.374Z,"3 km NW of Harrah, Oklahoma",earthquake,,,,,reviewed,tul,tul
2011-08-10T23:48:18.000Z,35.654,-97.301,5,2.5,md,5,145.1,,,us,usp000j69h,2014-11-07T01:45:35.400Z,"2 km ESE of Arcadia, Oklahoma",earthquake,,,,,reviewed,tul,tul
2011-08-07T13:01:57.000Z,35.48,-97.372,3.8,2.5,md,13,103.7,,,us,usp000j64v,2020-03-19T20:05:04.553Z,"4 km NNE of Midwest City, Oklahoma",earthquake,,,,,reviewed,tul,tul
2011-08-07T07:34:47.000Z,35.436,-97.449,5,2.5,ml,12,75.6,,,us,usp000j64f,2022-08-08T19:26:46.292Z,"0 km SW of Del City, Oklahoma",earthquake,,,,,reviewed,tul,tul
2011-08-01T01:20:07.000Z,35.522,-97.226,5,3,ml,13,86.5,,,us,usp000j5td,2022-08-08T19:24:11.095Z,"4 km NE of Choctaw, Oklahoma",earthquake,,,,,reviewed,tul,tul
2011-07-30T03:56:38.000Z,35.499,-97.257,7.6,2.6,md,6,144.7,,,us,usp000j5qn,2014-11-07T01:45:28.057Z,"1 km E of Choctaw, Oklahoma",earthquake,,,,,reviewed,tul,tul
2011-07-30T03:45:53.000Z,35.499,-97.249,7.8,2.7,md,20,76.4,,,us,usp000j5qm,2014-11-07T01:45:28.053Z,"1 km E of Choctaw, Oklahoma",earthquake,,,,,reviewed,tul,tul
2011-07-28T02:23:35.000Z,35.507,-97.242,7.5,2.3,md,6,131.5,,,us,usp000j5kh,2014-11-07T01:45:27.408Z,"Oklahoma",earthquake,,,,,reviewed,tul,tul
2011-07-24T03:06:53.000Z,35.418,-96.552,1.1,2.5,md,7,141.5,,,us,usp000j5d9,2014-11-07T01:45:25.628Z,"10 km S of Paden, Oklahoma",earthquake,,,,,reviewed,tul,tul
2011-07-22T04:24:39.000Z,34.679,-96.395,5,2.6,md,9,106.2,,,us,usp000j5a5,2014-11-07T01:45:24.933Z,"8 km NNE of Tupelo, Oklahoma",earthquake,,,,,reviewed,tul,tul
2011-07-16T05:03:14.000Z,35.414,-96.548,1.1,2.5,md,6,141.7,,,us,usp000j50a,2014-11-07T01:45:22.517Z,"10 km S of Paden, Oklahoma",earthquake,,,,,reviewed,tul,tul
2011-07-15T02:16:43.000Z,34.745,-96.11,1.1,2.6,md,18,90.5,,,us,usp000j4xt,2014-11-07T01:45:22.071Z,"4 km SW of Ashland, Oklahoma",earthquake,,,,,reviewed,tul,tul
2011-07-01T09:29:03.000Z,35.632,-97.121,5,2.6,md,7,124.1,,,us,usp000j40t,2014-11-07T01:45:14.444Z,"7 km ESE of Luther, Oklahoma",earthquake,,,,,reviewed,tul,tul
2011-06-17T06:01:14.000Z,35.616,-97.248,3.2,2.5,md,5,153,,,us,usp000j3ak,2014-11-07T01:45:06.481Z,"6 km NNE of Jones, Oklahoma",earthquake,,,,,reviewed,tul,tul
2011-05-28T07:32:51.000Z,34.517,-96.496,3.2,2.9,md,25,92.5,,,us,usp000j2bc,2014-11-07T01:44:55.765Z,"10 km N of Bromide, Oklahoma",earthquake,,,,,reviewed,tul,tul
2011-05-21T12:15:14.000Z,35.584,-97.193,3,2.7,md,17,75.4,,,us,usp000j1xy,2022-07-19T15:56:05.598Z,"8 km S of Luther, Oklahoma",earthquake,,,,,reviewed,tul,tul
2011-05-19T02:46:46.000Z,35.586,-97.196,3.1,2.8,md,14,95.8,,,us,usp000j1tp,2022-07-19T15:32:36.508Z,"8 km S of Luther, Oklahoma",earthquake,,,,,reviewed,tul,tul
2011-05-15T05:55:43.000Z,35.437,-96.569,5,2.9,md,7,90.9,,,us,usp000j1mn,2014-11-07T01:44:51.260Z,"7 km S of Paden, Oklahoma",earthquake,,,,,reviewed,tul,tul
2011-05-11T09:22:39.000Z,35.713,-97.432,1.1,2.5,md,5,129.3,,,us,usp000j1du,2014-11-07T01:44:49.543Z,"7 km NNE of Edmond, Oklahoma",earthquake,,,,,reviewed,tul,tul
2011-05-10T04:05:59.000Z,35.458,-97.026,5,2.7,md,9,178.6,,,us,usp000j19w,2014-11-07T01:44:48.539Z,"6 km ENE of McLoud, Oklahoma",earthquake,,,,,reviewed,tul,tul
2011-04-26T13:06:00.000Z,34.692,-97.44,5,2.5,mblg,8,92.5,,,us,usp000j0mr,2022-07-19T13:38:35.499Z,"8 km NNW of Elmore City, Oklahoma",earthquake,,,,,reviewed,tul,tul
2011-03-31T05:41:30.000Z,35.439,-96.53,1.1,3.2,mwr,42,36.5,,,us,usp000hyz9,2022-08-08T19:16:30.363Z,"7 km SW of Boley, Oklahoma",earthquake,,,,,reviewed,tul,us
2011-03-25T17:47:34.000Z,35.43,-96.539,5,2.6,md,5,198.5,,,us,usp000hykc,2014-11-07T01:44:19.796Z,"8 km SW of Boley, Oklahoma",earthquake,,,,,reviewed,tul,tul
2011-03-23T19:55:33.000Z,34.666,-97.446,5,2.5,mblg,6,183,,,us,usp000hye2,2014-11-07T01:44:18.823Z,"6 km NW of Elmore City, Oklahoma",earthquake,,,,,reviewed,tul,us
2011-03-23T00:41:16.000Z,35.571,-97.073,3.2,2.8,md,8,108.1,,,us,usp000hybg,2014-11-07T01:44:18.389Z,"12 km NE of Harrah, Oklahoma",earthquake,,,,,reviewed,tul,tul
2011-03-17T01:27:24.000Z,34.854,-97.746,5,2.7,md,9,85,,,us,usp000hxkw,2014-11-07T01:44:11.900Z,"4 km SW of Bradley, Oklahoma",earthquake,,,,,reviewed,tul,tul
2011-03-11T10:56:23.000Z,35.45,-97.087,5,3.1,mblg,23,68.1,,,us,usp000hvu2,2022-08-08T19:14:42.056Z,"1 km NNE of McLoud, Oklahoma",earthquake,,,,,reviewed,tul,tul
2011-03-03T02:16:50.000Z,35.45,-97.083,5,2.8,md,11,86.3,,,us,usp000hv97,2014-11-07T01:43:50.814Z,"Oklahoma",earthquake,,,,,reviewed,tul,tul
2011-02-22T06:40:51.000Z,35.434,-97.001,5,2.8,md,5,181.2,,,us,usp000huwy,2014-11-07T01:43:42.423Z,"6 km NE of Dale, Oklahoma",earthquake,,,,,reviewed,tul,tul
2011-02-19T05:39:56.000Z,35.751,-99.667,5,2.7,md,6,116.1,,,us,usp000hurc,2014-11-07T01:43:41.296Z,"10 km NW of Strong City, Oklahoma",earthquake,,,,,reviewed,tul,tul
2011-02-17T05:51:42.000Z,35.615,-97.243,3.3,2.5,md,5,153.5,,,us,usp000humx,2014-11-07T01:43:40.841Z,"6 km SW of Luther, Oklahoma",earthquake,,,,,reviewed,tul,tul
2011-02-15T23:41:21.000Z,35.539,-97.249,5.1,2.5,mblg,10,86.6,,,us,usp000huk7,2014-11-07T01:43:40.627Z,"4 km SE of Jones, Oklahoma",earthquake,,,,,reviewed,tul,tul
2011-02-14T03:55:25.000Z,35.51,-97.407,3.1,2.3,md,5,155,,,us,usp000hugk,2014-11-07T01:43:40.175Z,"3 km WSW of Spencer, Oklahoma",earthquake,,,,,reviewed,tul,tul
2011-02-04T07:28:10.000Z,35.483,-97.397,5,2.4,md,17,86.4,,,us,usp000hu2b,2022-08-08T19:13:48.336Z,"3 km N of Midwest City, Oklahoma",earthquake,,,,,reviewed,tul,tul
2011-02-04T02:06:29.000Z,35.48,-97.402,5,2.6,md,18,53.8,,,us,usp000hu1y,2020-03-19T19:58:28.161Z,"3 km N of Midwest City, Oklahoma",earthquake,,,,,reviewed,tul,tul
2011-02-02T12:19:03.730Z,35.627,-97.166,5,2.6,md,6,122.9,,0.93,us,usp000htzn,2014-11-07T01:43:35.961Z,"4 km SE of Luther, Oklahoma",earthquake,,,,,reviewed,us,tul
2011-01-30T06:34:56.000Z,35.609,-97.122,5,2.5,md,12,96,,,us,usp000htum,2014-11-07T01:43:31.665Z,"8 km SE of Luther, Oklahoma",earthquake,,,,,reviewed,tul,tul
2011-01-25T08:48:48.000Z,34.713,-97.466,4,2.6,md,5,223.3,,,us,usp000htmx,2014-11-07T01:43:29.656Z,"10 km N of Foster, Oklahoma",earthquake,,,,,reviewed,tul,tul
2011-01-22T08:03:22.000Z,35.611,-97.121,5.2,2.5,md,5,160.9,,,us,usp000htg6,2014-11-07T01:43:28.535Z,"8 km SE of Luther, Oklahoma",earthquake,,,,,reviewed,tul,tul
2011-01-19T03:53:24.000Z,35.621,-97.112,5,2.8,md,14,97.3,,,us,usp000htbh,2022-07-19T02:38:37.206Z,"8 km ESE of Luther, Oklahoma",earthquake,,,,,reviewed,tul,tul
2011-01-18T03:40:06.000Z,34.566,-97.43,0,2.8,md,13,91.2,,,us,usp000ht9x,2014-11-07T01:43:27.328Z,"7 km SSW of Elmore City, Oklahoma",earthquake,,,,,reviewed,tul,tul
2011-01-18T00:14:22.000Z,34.56,-97.433,0,2.6,md,6,179.9,,,us,usp000ht9p,2014-11-07T01:43:27.283Z,"7 km WSW of Katie, Oklahoma",earthquake,,,,,reviewed,tul,tul
2011-01-15T10:51:30.000Z,35.509,-97.222,3.4,3.4,mblg,23,63,,,us,usp000ht5e,2022-08-08T19:12:54.898Z,"4 km ENE of Choctaw, Oklahoma",earthquake,,,,,reviewed,tul,us
2011-01-12T21:12:39.000Z,35.506,-97.222,3.1,2.6,md,6,168.8,,,us,usp000hszq,2014-11-07T01:43:25.755Z,"4 km ENE of Choctaw, Oklahoma",earthquake,,,,,reviewed,tul,tul
2011-01-12T12:19:04.000Z,35.516,-97.225,6.4,2.7,md,5,132.3,,,us,usp000hsz1,2014-11-07T01:43:25.684Z,"4 km ENE of Choctaw, Oklahoma",earthquake,,,,,reviewed,tul,tul
2011-01-11T22:41:03.000Z,35.84,-96.916,5,2.6,md,9,118.7,,,us,usp000hsxu,2014-11-07T01:43:25.488Z,"5 km SE of Tryon, Oklahoma",earthquake,,,,,reviewed,tul,tul
2011-01-10T05:35:50.000Z,34.785,-96.671,5,2.7,md,7,135.3,,,us,usp000hsv5,2014-11-07T01:43:24.953Z,"1 km NNE of Ada, Oklahoma",earthquake,,,,,reviewed,tul,tul
2011-01-08T08:43:40.000Z,35.612,-97.249,5,2.7,md,4,153.4,,,us,usp000hsrb,2014-11-07T01:43:23.748Z,"6 km NE of Jones, Oklahoma",earthquake,,,,,reviewed,tul,tul
2011-01-07T05:11:09.000Z,35.435,-96.983,5,2.5,md,10,80.1,,,us,usp000hspk,2022-07-19T02:04:26.826Z,"7 km NE of Dale, Oklahoma",earthquake,,,,,reviewed,tul,tul
2011-01-06T06:52:03.000Z,35.569,-97.277,3.1,2.8,md,10,108.6,,,us,usp000hsne,2014-11-07T01:43:22.472Z,"0 km ENE of Jones, Oklahoma",earthquake,,,,,reviewed,tul,tul
2011-01-04T18:31:36.000Z,35.556,-97.237,4.2,2.9,mblg,15,75.5,,,us,usp000hsk5,2022-08-08T19:11:54.369Z,"4 km ESE of Jones, Oklahoma",earthquake,,,,,reviewed,tul,us
2011-01-03T07:35:09.000Z,34.693,-97.408,5,2.6,md,5,225.8,,,us,usp000hsgv,2014-11-07T01:43:20.773Z,"7 km N of Elmore City, Oklahoma",earthquake,,,,,reviewed,tul,tul
2011-01-01T19:00:25.000Z,35.837,-96.916,5,2,md,6,124.8,,,us,usp000hsdw,2014-11-07T01:43:19.679Z,"5 km SE of Tryon, Oklahoma",earthquake,,,,,reviewed,tul,tul
2011-01-01T18:52:01.000Z,35.837,-96.916,3.2,2.8,mblg,13,80.9,,,us,usp000hsdv,2022-07-19T01:47:10.104Z,"5 km SE of Tryon, Oklahoma",earthquake,,,,,reviewed,tul,us
2010-12-31T11:52:17.000Z,35.536,-97.247,6.1,2.6,md,6,128.1,,,us,usp000hsc0,2014-11-07T01:43:16.855Z,"4 km NNE of Choctaw, Oklahoma",earthquake,,,,,reviewed,tul,tul
2010-12-29T04:47:20.000Z,34.676,-97.44,5,2.6,md,8,89,,,us,usp000hs7w,2014-11-07T01:43:16.235Z,"7 km NW of Elmore City, Oklahoma",earthquake,,,,,reviewed,tul,tul
2010-12-28T01:49:24.000Z,34.696,-95.893,5,3.1,md,19,66.4,,,us,usp000hs5s,2014-11-07T01:43:15.934Z,"2 km SSE of Kiowa, Oklahoma",earthquake,,,,,reviewed,tul,tul
2010-12-25T02:04:05.000Z,34.675,-96.34,5,2.6,md,10,123.4,,,us,usp000hruk,2014-11-07T01:43:13.906Z,"7 km N of Centrahoma, Oklahoma",earthquake,,,,,reviewed,tul,tul
2010-12-24T10:49:07.000Z,34.69,-96.361,5,3,md,10,106.3,,,us,usp000hrst,2014-11-07T01:43:13.612Z,"9 km N of Centrahoma, Oklahoma",earthquake,,,,,reviewed,tul,tul
2010-12-21T22:21:31.000Z,34.671,-96.384,5,2.5,md,6,141.7,,,us,usp000hrcf,2014-11-07T01:43:11.093Z,"7 km NNW of Centrahoma, Oklahoma",earthquake,,,,,reviewed,tul,tul
2010-12-21T06:48:45.000Z,34.659,-96.348,5,2.6,md,10,123.9,,,us,usp000hr8n,2014-11-07T01:43:10.389Z,"5 km N of Centrahoma, Oklahoma",earthquake,,,,,reviewed,tul,tul
2010-12-21T04:05:37.000Z,34.657,-96.386,5,2.6,md,8,107,,,us,usp000hr89,2014-11-07T01:43:10.336Z,"6 km NW of Centrahoma, Oklahoma",earthquake,,,,,reviewed,tul,tul
2010-12-20T11:50:20.000Z,34.651,-96.391,5,2.6,md,7,123.8,,,us,usp000hr74,2014-11-07T01:43:10.058Z,"5 km NNE of Tupelo, Oklahoma",earthquake,,,,,reviewed,tul,tul
2010-12-20T11:14:15.000Z,35.579,-97.246,5.3,2.5,md,7,123.8,,,us,usp000hr72,2014-11-07T01:43:10.055Z,"3 km ENE of Jones, Oklahoma",earthquake,,,,,reviewed,tul,tul
2010-12-20T05:21:50.000Z,34.662,-96.371,5,2.7,md,12,123.6,,,us,usp000hr6t,2022-07-19T01:36:31.029Z,"6 km NNW of Centrahoma, Oklahoma",earthquake,,,,,reviewed,tul,tul
2010-12-14T17:50:01.000Z,35.44,-96.982,5,2.5,md,6,138.4,,,us,usp000hqxf,2014-11-07T01:43:06.974Z,"7 km NE of Dale, Oklahoma",earthquake,,,,,reviewed,tul,tul
2010-12-14T06:07:37.000Z,35.611,-97.234,5,2.6,md,8,106.1,,,us,usp000hqwn,2014-11-07T01:43:06.856Z,"6 km SSW of Luther, Oklahoma",earthquake,,,,,reviewed,tul,tul
2010-12-12T14:56:39.000Z,34.659,-95.957,5,2.6,md,7,145,,,us,usp000hqus,2014-11-07T01:43:06.510Z,"6 km E of Wardville, Oklahoma",earthquake,,,,,reviewed,tul,tul
2010-12-12T08:02:31.000Z,35.854,-96.801,5,2.4,mblg,12,101.6,,,us,usp000hqug,2014-11-07T01:43:06.434Z,"7 km SE of Agra, Oklahoma",earthquake,,,,,reviewed,tul,tul
2010-12-12T03:18:37.000Z,35.433,-96.992,3.2,2.9,md,7,155.2,,,us,usp000hqu6,2014-11-07T01:43:06.413Z,"6 km NE of Dale, Oklahoma",earthquake,,,,,reviewed,tul,tul
2010-12-12T01:56:42.000Z,35.444,-96.976,4.3,2.8,md,6,181.2,,,us,usp000hqu2,2014-11-07T01:43:06.405Z,"8 km NE of Dale, Oklahoma",earthquake,,,,,reviewed,tul,tul
2010-12-12T01:07:56.000Z,35.431,-96.981,5,3.2,mwr,38,55,,,us,usp000hqtz,2022-08-08T19:10:58.905Z,"7 km NE of Dale, Oklahoma",earthquake,,,,,reviewed,tul,us
2010-12-10T02:13:03.000Z,35.492,-96.84,5,2.6,md,15,98.8,,,us,usp000hqr6,2022-07-19T01:13:16.047Z,"5 km ESE of Meeker, Oklahoma",earthquake,,,,,reviewed,tul,tul
2010-11-30T12:05:31.000Z,34.688,-97.4,5,2.5,md,6,181.4,,,us,usp000hqbg,2014-11-07T01:42:59.304Z,"7 km N of Elmore City, Oklahoma",earthquake,,,,,reviewed,tul,tul
2010-11-29T05:15:35.000Z,35.618,-97.246,1.9,2.6,md,6,120.1,,,us,usp000hq9s,2014-11-07T01:42:58.975Z,"6 km SW of Luther, Oklahoma",earthquake,,,,,reviewed,tul,tul
2010-11-28T17:57:29.000Z,35.617,-97.249,2.3,2.5,md,6,120,,,us,usp000hq9a,2014-11-07T01:42:58.926Z,"6 km NNE of Jones, Oklahoma",earthquake,,,,,reviewed,tul,tul
2010-11-28T15:47:14.000Z,35.62,-97.245,3.3,2.4,md,6,120,,,us,usp000hq93,2014-11-07T01:42:58.901Z,"6 km SW of Luther, Oklahoma",earthquake,,,,,reviewed,tul,tul
2010-11-28T15:40:31.000Z,35.621,-97.24,3.3,2.4,md,6,120.1,,,us,usp000hq92,2014-11-07T01:42:58.900Z,"6 km SW of Luther, Oklahoma",earthquake,,,,,reviewed,tul,tul
2010-11-28T13:46:26.000Z,35.619,-97.239,3.4,3.3,md,39,41.6,,,us,usp000hq8v,2020-03-19T19:55:53.430Z,"6 km SW of Luther, Oklahoma",earthquake,,,,,reviewed,tul,tul
2010-11-28T03:28:43.000Z,35.612,-97.242,2.5,3.5,mblg,29,74.5,,,us,usp000hq85,2014-11-07T01:42:58.775Z,"6 km NE of Jones, Oklahoma",earthquake,,,,,reviewed,tul,us
2010-11-28T03:26:47.000Z,35.654,-97.224,5,3,mblg,30,58.7,,,us,usp000hq84,2022-08-08T19:09:59.020Z,"2 km WSW of Luther, Oklahoma",earthquake,,,,,reviewed,tul,us
2010-11-25T21:19:56.000Z,35.611,-97.241,3.6,2.7,md,8,120.9,,,us,usp000hq3x,2014-11-07T01:42:58.130Z,"Oklahoma",earthquake,,,,,reviewed,tul,tul
2010-11-25T16:10:03.000Z,35.613,-97.235,3.5,2.6,mblg,15,74.5,,,us,usp000hq3k,2014-11-07T01:42:58.093Z,"6 km SSW of Luther, Oklahoma",earthquake,,,,,reviewed,tul,us
2010-11-25T16:09:03.000Z,35.621,-97.241,5.5,2.5,md,19,74.3,,,us,usp000hq3j,2022-07-19T00:44:45.819Z,"6 km SW of Luther, Oklahoma",earthquake,,,,,reviewed,tul,tul
2010-11-24T23:45:13.000Z,35.614,-97.24,6.2,3.1,mblg,34,74.4,,,us,usp000hq2e,2022-08-08T19:09:02.549Z,"6 km SW of Luther, Oklahoma",earthquake,,,,,reviewed,tul,tul
2010-11-24T22:48:30.000Z,35.612,-97.246,5,3.9,mwr,70,39.8,,,us,usp000hq2d,2022-08-08T19:08:03.378Z,"6 km NE of Jones, Oklahoma",earthquake,,,,,reviewed,tul,us
2010-11-21T20:31:16.000Z,34.552,-96.267,5,2.5,md,7,147.2,,,us,usp000hpy4,2014-11-07T01:42:56.969Z,"4 km WNW of Coalgate, Oklahoma",earthquake,,,,,reviewed,tul,tul
2010-11-16T00:46:07.000Z,34.719,-97.396,5,2.7,md,11,114.3,,,us,usp000hpqj,2014-11-07T01:42:55.677Z,"10 km N of Elmore City, Oklahoma",earthquake,,,,,reviewed,tul,tul
2010-11-12T16:21:53.000Z,35.554,-97.169,4.2,2.1,md,4,165.4,,,us,usp000hpfq,2014-11-07T01:42:54.212Z,"7 km N of Harrah, Oklahoma",earthquake,,,,,reviewed,tul,tul
2010-11-02T16:35:37.000Z,35.557,-97.299,5.7,2.5,mblg,12,73.9,,,us,usp000hnx4,2022-07-18T23:20:35.439Z,"1 km SW of Jones, Oklahoma",earthquake,,,,,reviewed,tul,us
2010-10-29T04:18:39.000Z,35.59,-97.238,1.3,2.7,md,9,95.6,,,us,usp000hnr2,2014-11-07T01:42:46.800Z,"5 km ENE of Jones, Oklahoma",earthquake,,,,,reviewed,tul,tul
2010-10-29T02:37:59.000Z,35.59,-97.241,2.3,2.4,md,6,123,,,us,usp000hnqu,2014-11-07T01:42:46.781Z,"4 km ENE of Jones, Oklahoma",earthquake,,,,,reviewed,tul,tul
2010-10-28T09:59:53.000Z,35.59,-97.243,5,2.5,md,6,122.8,,,us,usp000hnq1,2014-11-07T01:42:46.590Z,"4 km NE of Jones, Oklahoma",earthquake,,,,,reviewed,tul,tul
2010-10-28T09:57:24.000Z,35.585,-97.243,2.6,2,md,5,157,,,us,usp000hnq0,2014-11-07T01:42:46.588Z,"4 km ENE of Jones, Oklahoma",earthquake,,,,,reviewed,tul,tul
2010-10-28T09:52:52.000Z,35.591,-97.234,5,2.5,md,7,123.2,,,us,usp000hnpz,2014-11-07T01:42:46.587Z,"5 km ENE of Jones, Oklahoma",earthquake,,,,,reviewed,tul,tul
2010-10-25T20:53:13.000Z,34.874,-97.741,5,3.2,mblg,17,60.7,,,us,usp000hnk2,2022-07-18T22:58:50.217Z,"3 km W of Bradley, Oklahoma",earthquake,,,,,reviewed,tul,tul
2010-10-25T05:06:40.000Z,35.485,-97.281,4.5,2.3,md,6,132.3,,,us,usp000hnhg,2014-11-07T01:42:45.353Z,"1 km SW of Choctaw, Oklahoma",earthquake,,,,,reviewed,tul,tul
2010-10-21T04:16:40.000Z,35.06,-95.606,5,2.5,md,6,157.4,,,us,usp000hnbv,2014-11-07T01:42:44.413Z,"9 km SE of Crowder, Oklahoma",earthquake,,,,,reviewed,tul,tul
2010-10-19T17:53:17.000Z,35.136,-97.333,5,2.8,md,40,82.2,,,us,usp000hn9y,2022-08-08T19:05:18.335Z,"5 km N of Slaughterville, Oklahoma",earthquake,,,,,reviewed,tul,tul
2010-10-19T03:10:47.000Z,35.018,-95.584,5,2.7,md,7,159.5,,,us,usp000hn91,2014-11-07T01:42:43.782Z,"14 km SSE of Crowder, Oklahoma",earthquake,,,,,reviewed,tul,tul
2010-10-18T14:05:03.000Z,36.037,-97.398,5,2.5,mblg,5,123,,,us,usp000hn8g,2014-11-07T01:42:43.715Z,"3 km SSE of Mulhall, Oklahoma",earthquake,,,,,reviewed,tul,tul
2010-10-13T14:06:30.000Z,35.192,-97.32,13,4.4,mwc,152,26.9,,,us,usp000hn24,2022-12-16T20:11:59.059Z,"8 km NE of Noble, Oklahoma",earthquake,,,,,reviewed,tul,gcmt
2010-10-13T01:53:01.000Z,35.554,-97.23,5,2.3,md,7,88.3,,,us,usp000hn1g,2014-11-07T01:42:41.919Z,"5 km ESE of Jones, Oklahoma",earthquake,,,,,reviewed,tul,tul
2010-10-06T02:04:54.000Z,35.616,-97.257,2.7,2.8,md,13,91.1,,,us,usp000hmnv,2014-11-07T01:42:39.300Z,"6 km NNE of Jones, Oklahoma",earthquake,,,,,reviewed,tul,tul
2010-10-01T22:39:14.000Z,34.861,-96.029,5,3.1,mblg,18,61.1,,,us,usp000hmff,2014-11-07T01:42:36.318Z,"7 km SE of Stuart, Oklahoma",earthquake,,,,,reviewed,tul,tul
2010-09-26T10:58:48.000Z,35.609,-97.238,3.3,2.5,md,6,139.3,,,us,usp000hm77,2014-11-07T01:42:30.914Z,"6 km NE of Jones, Oklahoma",earthquake,,,,,reviewed,tul,tul
2010-09-26T05:55:10.000Z,35.558,-97.237,4.7,2.5,mblg,5,160.9,,,us,usp000hm6n,2014-11-07T01:42:30.818Z,"4 km E of Jones, Oklahoma",earthquake,,,,,reviewed,tul,tul
2010-09-25T18:49:11.000Z,35.565,-97.286,3.3,2.4,md,6,123.2,,,us,usp000hm64,2014-11-07T01:42:30.739Z,"0 km SE of Jones, Oklahoma",earthquake,,,,,reviewed,tul,tul
2010-09-24T17:03:01.000Z,35.615,-97.259,5.6,2.5,md,6,119.8,,,us,usp000hm4f,2014-11-07T01:42:30.509Z,"Oklahoma",earthquake,,,,,reviewed,tul,tul
2010-09-23T10:22:54.000Z,35.459,-97.189,3.1,2.5,md,6,135.6,,,us,usp000hm3g,2014-11-07T01:42:30.288Z,"4 km SW of Harrah, Oklahoma",earthquake,,,,,reviewed,tul,tul
2010-09-22T01:35:20.000Z,35.61,-97.259,5,2.5,md,6,120.1,,,us,usp000hm1r,2014-11-07T01:42:30.033Z,"5 km NNE of Jones, Oklahoma",earthquake,,,,,reviewed,tul,tul
2010-09-21T01:29:32.000Z,35.468,-97.188,5,2.3,md,6,135.1,,,us,usp000hm0f,2014-11-07T01:42:29.861Z,"3 km SW of Harrah, Oklahoma",earthquake,,,,,reviewed,tul,tul
2010-09-20T03:28:42.000Z,35.614,-97.251,5,2.7,md,8,105.9,,,us,usp000hkz3,2014-11-07T01:42:29.689Z,"6 km NNE of Jones, Oklahoma",earthquake,,,,,reviewed,tul,tul
2010-09-20T03:14:09.000Z,35.615,-97.247,3.3,2.4,md,14,64.3,,,us,usp000hkz0,2014-11-07T01:42:29.667Z,"6 km NNE of Jones, Oklahoma",earthquake,,,,,reviewed,tul,tul
2010-09-19T22:01:47.000Z,35.611,-97.246,5,3.5,mwr,42,38.6,,,us,usp000hkyn,2022-08-08T19:03:06.250Z,"6 km NE of Jones, Oklahoma",earthquake,,,,,reviewed,tul,us
2010-09-17T20:35:01.000Z,35.611,-97.255,2.3,2.3,mblg,6,120.2,,,us,usp000hkva,2014-11-07T01:42:29.054Z,"5 km NNE of Jones, Oklahoma",earthquake,,,,,reviewed,tul,us
2010-09-16T21:41:34.000Z,35.609,-97.243,4,3.3,mwr,36,39.3,,,us,usp000hku1,2022-08-08T19:02:08.878Z,"6 km NE of Jones, Oklahoma",earthquake,,,,,reviewed,tul,us
2010-09-15T20:06:43.000Z,35.611,-97.245,4,2.2,md,12,71.7,,,us,usp000hksx,2014-11-07T01:42:28.169Z,"6 km NE of Jones, Oklahoma",earthquake,,,,,reviewed,tul,tul
2010-09-15T20:03:53.000Z,35.609,-97.242,4.2,3.1,mblg,19,58.1,,,us,usp000hksw,2022-07-18T20:16:36.508Z,"6 km NE of Jones, Oklahoma",earthquake,,,,,reviewed,tul,tul
2010-09-11T19:07:07.000Z,35.455,-97.298,3.5,2.1,md,5,170.7,,,us,usp000hkkc,2014-11-07T01:42:26.531Z,"4 km SSE of Nicoma Park, Oklahoma",earthquake,,,,,reviewed,tul,tul
2010-09-11T17:05:12.000Z,35.474,-97.031,4,2.4,md,7,136.3,,,us,usp000hkk7,2014-11-07T01:42:26.492Z,"Oklahoma",earthquake,,,,,reviewed,tul,tul
2010-09-10T15:00:52.000Z,35.608,-97.238,4,2.6,md,5,121.4,,,us,usp000hkhs,2014-11-07T01:42:25.993Z,"6 km NE of Jones, Oklahoma",earthquake,,,,,reviewed,tul,tul
2010-09-08T00:28:46.000Z,35.561,-97.29,4,2.5,md,12,106.1,,,us,usp000hke5,2014-11-07T01:42:24.987Z,"0 km SSW of Jones, Oklahoma",earthquake,,,,,reviewed,tul,tul
2010-09-08T00:25:31.000Z,35.557,-97.294,4.3,2.7,mblg,12,108.4,,,us,usp000hke4,2014-11-07T01:42:24.985Z,"1 km SSW of Jones, Oklahoma",earthquake,,,,,reviewed,tul,tul
2010-09-04T16:22:09.000Z,35.611,-97.24,3.3,3.3,mblg,22,41.9,,,us,usp000hk7f,2022-07-18T19:34:37.194Z,"6 km NE of Jones, Oklahoma",earthquake,,,,,reviewed,tul,tul
2010-09-03T14:28:17.000Z,35.54,-97.003,5,2.7,mblg,5,172.6,,,us,usp000hk42,2014-11-07T01:42:22.799Z,"9 km WNW of Meeker, Oklahoma",earthquake,,,,,reviewed,tul,tul
2010-09-01T09:17:23.000Z,35.609,-97.243,3.5,2.5,md,6,121.1,,,us,usp000hk0q,2014-11-07T01:42:21.356Z,"6 km NE of Jones, Oklahoma",earthquake,,,,,reviewed,tul,tul
2010-09-01T01:07:34.000Z,35.604,-97.241,4.3,2.9,mblg,10,95.3,,,us,usp000hk03,2014-11-07T01:42:20.768Z,"5 km NE of Jones, Oklahoma",earthquake,,,,,reviewed,tul,tul
2010-09-01T00:46:31.000Z,35.611,-97.235,3.1,3.1,mblg,19,54.2,,,us,usp000hk02,2022-08-08T19:01:10.029Z,"6 km SSW of Luther, Oklahoma",earthquake,,,,,reviewed,tul,tul
2010-08-29T11:14:49.000Z,35.61,-97.237,3.5,2.5,md,6,121.3,,,us,usp000hjwx,2014-11-07T01:42:18.689Z,"6 km NE of Jones, Oklahoma",earthquake,,,,,reviewed,tul,tul
2010-08-29T09:53:09.000Z,35.56,-97.296,4.2,2.4,md,6,123.1,,,us,usp000hjwt,2014-11-07T01:42:18.672Z,"1 km SW of Jones, Oklahoma",earthquake,,,,,reviewed,tul,tul
2010-08-29T00:46:44.000Z,35.61,-97.237,2.6,2.5,md,6,121.3,,,us,usp000hjw2,2014-11-07T01:42:18.528Z,"6 km NE of Jones, Oklahoma",earthquake,,,,,reviewed,tul,tul
2010-08-24T18:32:27.000Z,35.54,-96.761,5,2.5,md,6,134.9,,,us,usp000hjq8,2014-11-07T01:42:17.664Z,"9 km NW of Prague, Oklahoma",earthquake,,,,,reviewed,tul,tul
2010-08-24T18:26:57.000Z,35.526,-96.763,5,2.6,md,10,110.8,,,us,usp000hjq7,2014-11-07T01:42:17.662Z,"8 km WNW of Prague, Oklahoma",earthquake,,,,,reviewed,tul,tul
2010-08-13T03:50:31.000Z,35.585,-97.227,3.6,2.6,md,6,124.1,,,us,usp000hj19,2014-11-07T01:42:13.852Z,"5 km ENE of Jones, Oklahoma",earthquake,,,,,reviewed,tul,tul
2010-08-08T08:41:59.000Z,34.918,-97.456,5,2.8,md,19,59.7,,,us,usp000hhrg,2022-07-18T18:12:03.080Z,"12 km NNW of Maysville, Oklahoma",earthquake,,,,,reviewed,tul,tul
2010-08-07T14:24:03.000Z,34.679,-96.096,5,2.9,mblg,7,110.4,,,us,usp000hhqf,2014-11-07T01:42:11.895Z,"6 km WNW of Wardville, Oklahoma",earthquake,,,,,reviewed,tul,tul
2010-08-02T19:36:30.000Z,35.558,-97.248,3,2.1,md,6,125.8,,,us,usp000hhd6,2014-11-07T01:42:08.928Z,"3 km ESE of Jones, Oklahoma",earthquake,,,,,reviewed,tul,tul
2010-08-02T10:35:47.000Z,35.555,-97.243,3,2.9,mblg,6,126.4,,,us,usp000hhce,2022-07-18T17:42:38.066Z,"4 km ESE of Jones, Oklahoma",earthquake,,,,,reviewed,tul,tul
2010-08-02T10:28:02.000Z,35.557,-97.241,3,2.8,mblg,6,126.2,,,us,usp000hhcd,2014-11-07T01:42:08.707Z,"4 km ESE of Jones, Oklahoma",earthquake,,,,,reviewed,tul,tul
2010-08-02T09:52:19.000Z,35.559,-97.241,3.2,3.4,mblg,14,75.4,,,us,usp000hhcc,2022-07-18T17:39:27.993Z,"4 km E of Jones, Oklahoma",earthquake,,,,,reviewed,tul,tul
2010-07-26T04:59:21.000Z,35.562,-97.245,3.4,2.9,mblg,17,48.1,,,us,usp000hgub,2022-07-18T17:13:23.730Z,"3 km E of Jones, Oklahoma",earthquake,,,,,reviewed,tul,tul
2010-07-16T12:35:20.000Z,34.677,-96.114,5,2.6,md,6,179.5,,,us,usp000hfbu,2014-11-07T01:41:53.596Z,"8 km WNW of Wardville, Oklahoma",earthquake,,,,,reviewed,tul,tul
2010-07-15T16:37:09.000Z,35.543,-97.259,4.7,2.2,md,5,161.5,,,us,usp000hfav,2014-11-07T01:41:53.417Z,"3 km SE of Jones, Oklahoma",earthquake,,,,,reviewed,tul,tul
2010-07-14T23:56:36.000Z,35.544,-97.258,5,2.3,mblg,7,107.7,,,us,usp000hfa5,2014-11-07T01:41:53.312Z,"3 km SE of Jones, Oklahoma",earthquake,,,,,reviewed,tul,tul
2010-07-14T13:24:06.000Z,36.851,-98.222,5,2.7,mblg,5,145.9,,,us,usp000hf9f,2014-11-07T01:41:53.226Z,"8 km SE of Byron, Oklahoma",earthquake,,,,,reviewed,tul,tul
2010-07-14T02:57:12.000Z,34.638,-96.375,5,2.5,md,7,182.1,,,us,usp000hf8p,2014-11-07T01:41:53.080Z,"4 km NW of Centrahoma, Oklahoma",earthquake,,,,,reviewed,tul,tul
2010-07-04T23:40:11.000Z,35.566,-97.276,2.6,2.6,md,17,65.3,,,us,usp000hewz,2022-07-18T15:42:45.234Z,"0 km E of Jones, Oklahoma",earthquake,,,,,reviewed,tul,tul
2010-07-04T18:10:29.000Z,35.56,-97.282,2.6,2,md,5,123.9,,,us,usp000hewp,2014-11-07T01:41:50.580Z,"0 km SE of Jones, Oklahoma",earthquake,,,,,reviewed,tul,tul
2010-07-02T08:14:08.000Z,35.564,-97.289,2.5,2.7,md,6,108.1,,,us,usp000hetb,2014-11-07T01:41:49.373Z,"0 km SW of Jones, Oklahoma",earthquake,,,,,reviewed,tul,tul
2010-07-01T18:52:39.000Z,35.56,-97.28,4,2.6,mblg,8,124,,,us,usp000hesk,2022-07-18T15:28:33.497Z,"0 km SE of Jones, Oklahoma",earthquake,,,,,reviewed,tul,us
2010-06-22T23:27:37.500Z,35.531,-97.291,4.3,2.7,md,19,55.5,,,us,usp000hed8,2022-07-16T16:04:59.698Z,"3 km S of Jones, Oklahoma",earthquake,,,,,reviewed,tul,tul
2010-06-21T23:33:40.000Z,34.752,-96.547,5,2.5,md,6,176.3,,,us,usp000hec4,2014-11-07T01:41:43.484Z,"11 km N of Stonewall, Oklahoma",earthquake,,,,,reviewed,tul,tul
2010-06-19T02:14:32.000Z,35.015,-97.417,5,2.7,md,7,83.3,,,us,usp000he8u,2014-11-07T01:41:43.017Z,"5 km W of Purcell, Oklahoma",earthquake,,,,,reviewed,tul,tul
2010-06-14T21:33:56.500Z,34.865,-97.676,5,3.1,md,33,47.8,,,us,usp000hdzj,2022-07-16T15:37:57.493Z,"3 km ESE of Bradley, Oklahoma",earthquake,,,,,reviewed,tul,tul
2010-06-12T04:29:53.000Z,35.632,-97.198,5,2.7,md,12,94.7,,,us,usp000hdvg,2022-07-16T15:26:32.111Z,"3 km S of Luther, Oklahoma",earthquake,,,,,reviewed,tul,tul
2010-06-10T16:24:12.000Z,35.583,-97.148,5,2.3,md,5,162.9,,,us,usp000hdth,2014-11-07T01:41:39.905Z,"9 km SSE of Luther, Oklahoma",earthquake,,,,,reviewed,tul,tul
2010-05-27T07:23:18.000Z,35.528,-97.295,6,2.4,md,17,65.1,,,us,usp000hd7s,2022-07-16T14:25:10.757Z,"4 km NW of Choctaw, Oklahoma",earthquake,,,,,reviewed,tul,tul
2010-05-13T23:22:00.000Z,35.533,-97.286,3.5,2.4,md,11,107.8,,,us,usp000hcqp,2014-11-07T01:41:29.151Z,"3 km S of Jones, Oklahoma",earthquake,,,,,reviewed,tul,tul
2010-05-13T17:27:41.000Z,35.482,-97.262,2.8,2.4,md,14,129.1,,,us,usp000hcqf,2022-07-16T13:30:29.851Z,"1 km SSE of Choctaw, Oklahoma",earthquake,,,,,reviewed,tul,tul
2010-05-09T01:11:27.000Z,35.529,-97.296,4.5,2.5,mblg,23,34.5,,,us,usp000hch8,2022-07-16T13:07:02.662Z,"4 km SSW of Jones, Oklahoma",earthquake,,,,,reviewed,tul,us
2010-05-09T00:34:00.000Z,35.53,-97.296,4.4,2.4,md,10,96.6,,,us,usp000hch7,2014-11-07T01:41:28.176Z,"4 km SSW of Jones, Oklahoma",earthquake,,,,,reviewed,tul,tul
2010-05-07T18:49:19.000Z,35.525,-97.312,8.5,2.4,md,6,126.1,,,us,usp000hcf8,2014-11-07T01:41:27.741Z,"3 km NNE of Nicoma Park, Oklahoma",earthquake,,,,,reviewed,tul,tul
2010-05-07T12:44:57.000Z,35.528,-97.299,5.2,3.4,mblg,30,44.1,,,us,usp000hcet,2020-03-19T18:03:52.223Z,"4 km NW of Choctaw, Oklahoma",earthquake,,,,,reviewed,tul,us
2010-05-07T06:18:05.000Z,35.484,-97.255,6.4,2.5,md,6,133.5,,,us,usp000hcec,2014-11-07T01:41:27.561Z,"1 km SE of Choctaw, Oklahoma",earthquake,,,,,reviewed,tul,tul
2010-04-29T22:00:16.000Z,34.649,-96.391,1.3,2.7,mblg,14,76.6,,,us,usp000hc37,2014-11-07T01:41:21.168Z,"5 km NNE of Tupelo, Oklahoma",earthquake,,,,,reviewed,tul,us
2010-04-29T09:39:06.000Z,35.531,-97.294,3.8,2.6,md,24,49.5,,,us,usp000hc2h,2014-11-07T01:41:21.074Z,"3 km S of Jones, Oklahoma",earthquake,,,,,reviewed,tul,tul
2010-04-25T22:11:19.880Z,35.559,-97.265,5,2.4,mblg,10,107.3,,1.23,us,usp000hbwj,2014-11-07T01:41:19.286Z,"2 km ESE of Jones, Oklahoma",earthquake,,,,,reviewed,us,us
2010-04-22T09:11:42.000Z,35.524,-97.302,5,2.5,md,4,165.4,,,us,usp000hbs9,2014-11-07T01:41:18.522Z,"4 km NNE of Nicoma Park, Oklahoma",earthquake,,,,,reviewed,tul,tul
2010-04-21T16:47:52.000Z,35.486,-97.259,3.5,2.8,md,13,109.2,,,us,usp000hbrc,2022-08-08T18:57:30.271Z,"1 km SE of Choctaw, Oklahoma",earthquake,,,,,reviewed,tul,tul
2010-04-21T01:11:14.000Z,35.497,-97.264,1.4,2.6,mblg,16,106,,,us,usp000hbqj,2022-08-08T19:01:51.147Z,"0 km E of Choctaw, Oklahoma",earthquake,,,,,reviewed,tul,us
2010-04-18T03:05:09.000Z,35.557,-97.253,1.8,2.2,mblg,11,87.6,,,us,usp000hbkb,2014-11-07T01:41:17.298Z,"3 km ESE of Jones, Oklahoma",earthquake,,,,,reviewed,tul,us
2010-04-17T20:32:05.000Z,35.499,-97.263,1.1,2.4,md,11,105.1,,,us,usp000hbjj,2014-11-07T01:41:17.074Z,"0 km ENE of Choctaw, Oklahoma",earthquake,,,,,reviewed,tul,tul
2010-04-15T21:45:26.000Z,34.309,-97.373,5,2.5,md,9,124.3,,,us,usp000hbfa,2014-11-07T01:41:16.563Z,"13 km NE of Healdton, Oklahoma",earthquake,,,,,reviewed,tul,tul
2010-04-15T13:22:36.000Z,34.631,-96.268,0.9,3.2,mblg,35,76.3,,,us,usp000hber,2022-07-16T10:48:42.717Z,"7 km ENE of Centrahoma, Oklahoma",earthquake,,,,,reviewed,tul,us
2010-04-15T11:44:08.000Z,34.67,-96.333,0.6,2.4,md,6,180.3,,,us,usp000hbed,2014-11-07T01:41:16.429Z,"6 km N of Centrahoma, Oklahoma",earthquake,,,,,reviewed,tul,tul
2010-04-15T00:49:51.360Z,34.705,-96.398,5,3,mblg,18,105.3,,0.83,us,usp000hbdh,2022-07-16T10:47:12.540Z,"11 km NNE of Tupelo, Oklahoma",earthquake,,,,,reviewed,us,us
2010-04-12T09:40:10.000Z,34.635,-96.323,0.1,2.8,md,8,108.6,,,us,usp000hb8h,2014-11-07T01:41:15.564Z,"3 km NE of Centrahoma, Oklahoma",earthquake,,,,,reviewed,tul,tul
2010-04-12T04:04:48.000Z,35.611,-97.122,5,3,mblg,25,75.5,,,us,usp000hb84,2022-08-08T18:55:27.645Z,"8 km SE of Luther, Oklahoma",earthquake,,,,,reviewed,tul,us
2010-04-10T09:34:40.000Z,35.531,-97.275,2.2,2.5,md,6,127.3,,,us,usp000hb41,2014-11-07T01:41:14.619Z,"3 km N of Choctaw, Oklahoma",earthquake,,,,,reviewed,tul,tul
2010-04-10T02:49:31.000Z,35.532,-97.288,3.6,2.8,mblg,19,58.9,,,us,usp000hb35,2022-08-08T18:54:27.509Z,"3 km S of Jones, Oklahoma",earthquake,,,,,reviewed,tul,us
2010-04-08T12:42:43.000Z,35.523,-97.284,0.4,3.4,mblg,31,67.8,,,us,usp000haz4,2022-08-08T18:53:27.575Z,"3 km NNW of Choctaw, Oklahoma",earthquake,,,,,reviewed,tul,us
2010-04-07T14:58:18.000Z,35.54,-96.73,1.2,2.5,mblg,6,156.7,,,us,usp000havz,2014-11-07T01:41:13.579Z,"7 km NW of Prague, Oklahoma",earthquake,,,,,reviewed,tul,tul
2010-04-03T14:34:26.000Z,35.525,-97.296,1.1,2.7,md,8,107.9,,,us,usp000haa8,2014-11-07T01:41:10.677Z,"3 km NW of Choctaw, Oklahoma",earthquake,,,,,reviewed,tul,tul
2010-04-03T13:52:19.000Z,35.542,-97.304,1.5,2.8,md,8,107.4,,,us,usp000haa7,2022-08-08T18:52:20.448Z,"3 km SSW of Jones, Oklahoma",earthquake,,,,,reviewed,tul,tul
2010-04-03T13:34:19.000Z,35.528,-97.284,1.8,2.4,md,8,107.9,,,us,usp000haa6,2022-08-08T18:52:44.329Z,"3 km NNW of Choctaw, Oklahoma",earthquake,,,,,reviewed,tul,tul
2010-04-01T15:10:21.120Z,35.58,-96.748,5,2.5,mblg,7,134.4,,1.03,us,usp000ha73,2014-11-07T01:41:09.241Z,"7 km ESE of Sparks, Oklahoma",earthquake,,,,,reviewed,us,us
2010-03-22T16:11:58.000Z,35.541,-96.74,5,2.3,mblg,5,180.8,,,us,usp000h9v6,2014-11-07T01:41:04.399Z,"7 km NW of Prague, Oklahoma",earthquake,,,,,reviewed,tul,tul
2010-03-22T10:04:26.580Z,35.574,-96.781,5,2.3,mblg,8,109.3,,0.38,us,usp000h9uu,2014-11-07T01:41:04.352Z,"5 km SE of Sparks, Oklahoma",earthquake,,,,,reviewed,us,us
2010-03-22T09:18:51.180Z,35.58,-96.765,5,2.8,mblg,22,78.7,,0.65,us,usp000h9us,2022-08-08T18:51:15.033Z,"5 km ESE of Sparks, Oklahoma",earthquake,,,,,reviewed,us,us
2010-03-22T08:20:04.160Z,35.556,-96.797,5,2.7,mblg,18,79,,0.95,us,usp000h9um,2022-07-16T08:36:16.579Z,"6 km SSE of Sparks, Oklahoma",earthquake,,,,,reviewed,us,us
2010-03-22T06:50:29.000Z,36.091,-97.452,8.2,2.6,md,8,108.2,,,us,usp000h9ug,2014-11-07T01:41:04.301Z,"4 km NW of Mulhall, Oklahoma",earthquake,,,,,reviewed,tul,tul
2010-03-22T02:37:18.310Z,35.556,-96.75,8,3.7,mwr,55,44.5,,0.78,us,usp000h9u3,2022-08-08T18:48:19.423Z,"8 km SE of Sparks, Oklahoma",earthquake,,,,,reviewed,us,us
2010-03-19T22:07:27.170Z,35.554,-97.473,10,2.4,mblg,7,111.4,,1.01,us,usp000h9qa,2014-11-07T01:41:03.563Z,"3 km WNW of Lake Aluma, Oklahoma",earthquake,,,,,reviewed,us,us
2010-03-17T20:02:36.990Z,35.575,-96.786,5,2.5,mblg,8,109.3,,1.15,us,usp000h9k9,2014-11-07T01:41:02.962Z,"4 km SE of Sparks, Oklahoma",earthquake,,,,,reviewed,us,us
2010-03-13T09:02:44.410Z,35.387,-98.113,5,3.1,mblg,20,45.1,,0.76,us,usp000h9a8,2022-07-16T07:15:34.581Z,"15 km W of Union City, Oklahoma",earthquake,,,,,reviewed,us,us
2010-03-12T07:56:36.040Z,35.658,-97.222,4.5,2.7,md,5,149.7,,,us,usp000h97n,2014-11-07T01:40:59.074Z,"2 km W of Luther, Oklahoma",earthquake,,,,,reviewed,tul,tul
2010-03-11T23:57:29.510Z,35.475,-98.123,6.4,3.4,mblg,33,36,,1.24,us,usp000h96e,2022-07-16T06:52:00.989Z,"14 km S of Calumet, Oklahoma",earthquake,,8.4,,,reviewed,us,us
2010-03-11T13:15:17.400Z,35.388,-98.078,3.2,2.9,md,9,121.3,,,us,usp000h94q,2014-11-07T01:40:58.463Z,"12 km W of Union City, Oklahoma",earthquake,,,,,reviewed,tul,tul
2010-03-11T10:54:25.000Z,35.401,-98.06,5,3,md,9,121.1,,,us,usp000h94c,2014-11-07T01:40:58.416Z,"10 km W of Union City, Oklahoma",earthquake,,,,,reviewed,tul,tul
2010-03-11T10:06:10.000Z,35.384,-98.06,2.5,2.7,md,6,120.4,,,us,usp000h94a,2014-11-07T01:40:58.394Z,"10 km W of Union City, Oklahoma",earthquake,,,,,reviewed,tul,tul
2010-03-11T10:00:56.000Z,35.4,-98.1,5,2.7,md,6,122.7,,,us,usp000h949,2014-11-07T01:40:58.392Z,"14 km W of Union City, Oklahoma",earthquake,,,,,reviewed,tul,tul
2010-03-11T09:45:19.000Z,35.398,-98.07,2.3,2.8,md,7,115.9,,,us,usp000h948,2014-11-07T01:40:58.391Z,"11 km W of Union City, Oklahoma",earthquake,,,,,reviewed,tul,tul
2010-03-11T08:11:01.900Z,35.378,-98.046,5,3,md,12,83.7,,,us,usp000h947,2014-11-07T01:40:58.389Z,"9 km W of Union City, Oklahoma",earthquake,,,,,reviewed,tul,tul
2010-03-10T06:04:35.610Z,35.599,-96.769,5,3.1,mblg,17,78.3,,0.92,us,usp000h920,2022-08-08T18:50:12.357Z,"4 km ESE of Sparks, Oklahoma",earthquake,,,,,reviewed,us,us
2010-03-06T19:02:54.800Z,35.621,-96.983,5,2.2,mblg,6,166.4,,0.76,us,usp000h8ut,2014-11-07T01:40:56.716Z,"7 km SSE of Warwick, Oklahoma",earthquake,,,,,reviewed,us,us
2010-03-05T20:35:13.750Z,35.582,-96.784,5,3.1,mblg,10,78.6,,0.53,us,usp000h8sh,2022-08-08T18:49:16.211Z,"4 km SE of Sparks, Oklahoma",earthquake,,,,,reviewed,us,us
2010-03-03T04:35:17.860Z,35.549,-97.281,5,2.5,mblg,9,86,,1.12,us,usp000h8k6,2020-03-19T01:41:38.053Z,"1 km SSE of Jones, Oklahoma",earthquake,,,,,reviewed,us,us
2010-03-01T09:00:57.780Z,35.547,-96.775,5,2.6,mblg,8,110.1,,0.54,us,usp000h8cp,2014-11-07T01:40:52.257Z,"7 km SSE of Sparks, Oklahoma",earthquake,,,,,reviewed,us,us
2010-02-27T22:22:27.310Z,35.553,-96.752,5,4.1,mwr,79,44.5,,1.01,us,usp000h81j,2022-08-08T18:41:03.809Z,"8 km SE of Sparks, Oklahoma",earthquake,,4,,,reviewed,us,us
2010-02-26T09:45:05.020Z,35.625,-97.031,5,2,mblg,4,163.7,,0.32,us,usp000h7qa,2014-11-07T01:40:45.129Z,"7 km SSW of Warwick, Oklahoma",earthquake,,,,,reviewed,us,us
2010-02-26T09:02:07.600Z,35.616,-97.064,5.7,3.1,mblg,22,75.8,,0.7,us,usp000h7q9,2022-08-08T18:40:04.063Z,"8 km S of Wellston, Oklahoma",earthquake,,4.1,,,reviewed,us,us
2010-02-23T03:57:28.810Z,35.671,-97.028,5,2.5,mblg,15,75,,1.12,us,usp000h7kc,2022-07-16T02:59:21.159Z,"Oklahoma",earthquake,,,,,reviewed,us,us
2010-02-21T05:07:41.960Z,35.612,-97.042,5,2.6,mblg,10,76.1,,0.62,us,usp000h7hh,2022-08-08T18:39:06.880Z,"8 km SSW of Warwick, Oklahoma",earthquake,,,,,reviewed,us,us
2010-02-19T16:12:48.820Z,35.668,-97.05,5,3,mblg,8,105.6,,1.19,us,usp000h7fk,2022-07-16T02:41:59.433Z,"3 km SSE of Wellston, Oklahoma",earthquake,,,,,reviewed,us,us
2010-02-19T14:35:24.000Z,35.63,-96.859,8,2.5,md,10,77,,,us,usp000h7fj,2014-11-07T01:40:43.654Z,"4 km NW of Sparks, Oklahoma",earthquake,,,,,reviewed,tul,tul
2010-02-15T03:32:26.400Z,35.557,-97.298,3.3,3,mwr,24,61.5,,,us,usp000h7ax,2022-07-16T02:35:17.490Z,"1 km SW of Jones, Oklahoma",earthquake,,,,,reviewed,tul,slm
2010-02-13T05:30:55.780Z,35.53,-97.272,8.1,3.2,mwr,24,79.2,,0.93,us,usp000h78h,2022-07-16T02:33:40.209Z,"3 km N of Choctaw, Oklahoma",earthquake,,3.2,,,reviewed,us,us
2010-02-01T23:43:04.700Z,35.547,-97.236,5,2.5,mblg,9,107.8,,1.1,us,usp000h6v9,2022-07-16T01:46:35.393Z,"5 km ESE of Jones, Oklahoma",earthquake,,,,,reviewed,us,us
2010-01-27T09:43:59.420Z,35.552,-97.256,5,2.3,mblg,8,126.1,,0.77,us,usp000h6p4,2014-11-07T01:40:34.601Z,"3 km ESE of Jones, Oklahoma",earthquake,,,,,reviewed,us,us
2010-01-24T07:14:52.230Z,35.502,-97.245,6,3.6,mwr,19,57.8,,0.95,us,usp000h6j5,2022-07-16T01:19:04.148Z,"2 km ENE of Choctaw, Oklahoma",earthquake,,,,,reviewed,us,us
2010-01-18T11:44:38.860Z,35.497,-97.25,5,2.5,mblg,9,76.5,,1.13,us,usp000h69s,2014-11-07T01:40:30.040Z,"2 km E of Choctaw, OK",earthquake,,,,,reviewed,us,us
2010-01-17T13:33:43.710Z,35.553,-97.221,5,3,mblg,17,75.7,,0.73,us,usp000h68e,2014-11-07T01:40:29.732Z,"6 km ESE of Jones, Oklahoma",earthquake,,,,,reviewed,us,us
2010-01-15T15:27:02.320Z,35.555,-97.249,8,3.7,mwr,30,75.4,,1.02,us,usp000h65r,2014-11-07T01:40:28.275Z,"3 km ESE of Jones, Oklahoma",earthquake,,,,,reviewed,us,us
2010-01-15T15:18:26.350Z,35.576,-97.25,8,3.8,mwr,46,42,,1.08,us,usp000h65q,2022-07-16T00:17:39.617Z,"3 km ENE of Jones, Oklahoma",earthquake,,,,,reviewed,us,us
2010-01-14T10:05:34.150Z,35.539,-97.238,5,3.3,mblg,13,75.8,,0.86,us,usp000h63j,2022-07-16T00:11:09.941Z,"5 km SE of Jones, Oklahoma",earthquake,,,,,reviewed,us,us
2010-01-11T05:16:00.070Z,35.539,-97.259,5,2.8,mblg,10,77.3,,1.07,us,usp000h5y9,2022-07-15T23:57:11.747Z,"3 km SE of Jones, Oklahoma",earthquake,,,,,reviewed,us,us
2010-01-01T18:45:51.600Z,35.635,-97.185,5,2.8,mblg,5,126.9,,0.97,us,usp000h5kf,2022-07-15T23:34:56.571Z,"3 km SSE of Luther, Oklahoma",earthquake,,,,,reviewed,us,us
